-- MySQL dump 10.13  Distrib 8.0.34, for Win64 (x86_64)
--
-- Host: 127.0.0.1    Database: bookstore
-- ------------------------------------------------------
-- Server version	8.0.34

/*!40101 SET @OLD_CHARACTER_SET_CLIENT=@@CHARACTER_SET_CLIENT */;
/*!40101 SET @OLD_CHARACTER_SET_RESULTS=@@CHARACTER_SET_RESULTS */;
/*!40101 SET @OLD_COLLATION_CONNECTION=@@COLLATION_CONNECTION */;
/*!50503 SET NAMES utf8 */;
/*!40103 SET @OLD_TIME_ZONE=@@TIME_ZONE */;
/*!40103 SET TIME_ZONE='+00:00' */;
/*!40014 SET @OLD_UNIQUE_CHECKS=@@UNIQUE_CHECKS, UNIQUE_CHECKS=0 */;
/*!40014 SET @OLD_FOREIGN_KEY_CHECKS=@@FOREIGN_KEY_CHECKS, FOREIGN_KEY_CHECKS=0 */;
/*!40101 SET @OLD_SQL_MODE=@@SQL_MODE, SQL_MODE='NO_AUTO_VALUE_ON_ZERO' */;
/*!40111 SET @OLD_SQL_NOTES=@@SQL_NOTES, SQL_NOTES=0 */;

--
-- Table structure for table `blogs`
--

DROP TABLE IF EXISTS `blogs`;
/*!40101 SET @saved_cs_client     = @@character_set_client */;
/*!50503 SET character_set_client = utf8mb4 */;
CREATE TABLE `blogs` (
  `id` bigint NOT NULL AUTO_INCREMENT,
  `active_flag` bit(1) DEFAULT NULL,
  `create_date` datetime(6) DEFAULT NULL,
  `created_by` varchar(255) DEFAULT NULL,
  `delete_flag` bit(1) DEFAULT NULL,
  `updated_at` timestamp NULL DEFAULT CURRENT_TIMESTAMP,
  `updated_by` varchar(255) DEFAULT NULL,
  `content` text,
  `thumbnail` varchar(255) DEFAULT NULL,
  `title` varchar(255) DEFAULT NULL,
  `user_id` bigint DEFAULT NULL,
  `summary` text,
  PRIMARY KEY (`id`),
  KEY `FKpg4damav6db6a6fh5peylcni5` (`user_id`),
  CONSTRAINT `FKpg4damav6db6a6fh5peylcni5` FOREIGN KEY (`user_id`) REFERENCES `users` (`id`)
) ENGINE=InnoDB AUTO_INCREMENT=21 DEFAULT CHARSET=utf8mb4 COLLATE=utf8mb4_0900_ai_ci;
/*!40101 SET character_set_client = @saved_cs_client */;

--
-- Dumping data for table `blogs`
--

LOCK TABLES `blogs` WRITE;
/*!40000 ALTER TABLE `blogs` DISABLE KEYS */;
INSERT INTO `blogs` VALUES (1,_binary '','2024-07-12 05:21:24.229000',NULL,_binary '\0',NULL,NULL,'<h2>Sự kiện ra mắt cuốn sách “Chip War - Cuộc chiến vi mạch”: Vẽ lại bản đồ bán dẫn toàn cầu: Việt Nam ở đâu?</h2><p>Thứ Hai, 27/05/2024</p><p><i>Nhân dịp ra mắt cuốn sách&nbsp;“Chip War - Cuộc chiến vi mạch” của tác giả Chris Miller,&nbsp;Nhã Nam trân trọng mời các anh chị và các bạn đến tham dự sự kiện: “Vẽ lại bản đồ bán dẫn toàn cầu: Việt Nam ở đâu?”.</i></p><p><img src=\"https://bizweb.dktcdn.net/100/363/455/files/pha-n-2-ca-y-cam-ngo-t-cu-a-to-i.png?v=1716797492789\"></p><p>Cuộc cạnh tranh giữa các siêu cường hiện nay diễn ra mạnh trong lĩnh vực công nghệ, trong đó nổi bật nhất là cạnh tranh về vi mạch hay còn gọi là chất bán dẫn, thay vì tài nguyên thô.</p><p>Về chủ đề này, vừa qua Nhã Nam đã phát hành cuốn sách <i><strong>“Chip War - Cuộc chiến vi mạch”</strong></i> của tác giả Chris Miller. <i><strong>“Cuộc chiến vi mạch”</strong></i> đã giành giải thưởng Sách Kinh doanh của năm của Financial Times, giải Arthur Ross Book của Hội đồng Quan hệ Đối ngoại Mỹ (CFR) và lọt vào danh sách những cuốn sách hay nhất năm do tạp chí The Economist và tạp chí Foreign Affairs bình chọn.</p><p><img src=\"https://bizweb.dktcdn.net/100/363/455/files/pha-n-2-ca-y-cam-ngo-t-cu-a-to-i-1.png?v=1716797741947\"></p><p><strong>Chris Miller</strong>, tác giả của&nbsp;<i><strong>“Cuộc chiến vi mạch”,</strong></i> có bằng tiến sĩ và thạc sĩ tại Đại học Yale, bằng cử nhân lịch sử tại Đại học Harvard. Ông hiện là phó giáo sư chuyên ngành Lịch sử quốc tế tại Trường Luật và Ngoại giao Fletcher thuộc Đại học Tuffs; giảng viên thỉnh giảng Jeane Kirkpatrick tại Viện Doanh nghiệp Mỹ.</p><p>Ông từng là phó giám đốc Chương trình Brady-Johnson về Chiến lược lớn tại Đại học Yale; giảng viên trường New Economic School tại Moscow, học giả được mời nghiên cứu tại Trung tâm Moscow Carnegie, cộng tác viên nghiên cứu tại Viện Brookings, thành viên Học viện Transatlantic của Quỹ German Marshall.</p><p><img src=\"https://bizweb.dktcdn.net/100/363/455/files/pha-n-2-ca-y-cam-ngo-t-cu-a-to-i-2.png?v=1716798478092\"></p><p>Nhân dịp ra mắt cuốn sách, Nhã Nam trân trọng mời các bạn tới tham dự sự kiện <i><strong>“VẼ LẠI BẢN ĐỒ BÁN DẪN TOÀN CẦU: VIỆT NAM Ở ĐÂU?”</strong></i><strong>.</strong></p><p>Không chỉ tập trung vào cuộc cạnh tranh kéo dài hàng thập niên giữa các cường quốc để kiểm soát công nghệ vi mạch, sự kiện còn thảo luận về các xu thế công nghệ lớn có thể ảnh hưởng với Việt Nam.</p><p>__</p><p>THÔNG TIN SỰ KIỆN</p><p><strong>Thời gian</strong>: 09h00 Chủ nhật, ngày 02 tháng 06 năm 2024.</p><p><strong>Địa điểm</strong>: The Wiselands Coffee, 17 Hạ Hồi, Hoàn Kiếm, Hà Nội.</p><p><strong>Với sự tham gia của các vị khách mời:</strong></p><p>- Ông Phùng Việt Thắng - Giám đốc Intel Việt Nam;</p><p>- Ông Nguyễn Việt Hải - Giám đốc công nghệ Công ty SNS (Sirius Network Solution);</p><p>- Ông Phạm Sỹ Thành - Giám đốc Trung tâm nghiên cứu Kinh tế và Chiến lược Trung Quốc (CESS).</p><p>Để ban tổ chức sắp xếp được chu đáo, mời các anh, chị, các bạn đăng ký tham dự sự kiện tại&nbsp;<a href=\"https://forms.gle/xfpVyD1Zkp38MZEY8\"><strong>đây</strong></a>.</p>','http://res.cloudinary.com/duylinhmedia/image/upload/v1720736487/19dbf5a2-0bf3-40ce-ad56-942006382b96.jpg','Chip War - Cuộc chiến vi mạch',2,'Sự kiện ra mắt cuốn sách “Chip War - Cuộc chiến vi mạch”: Vẽ lại bản đồ bán dẫn toàn cầu: Việt Nam ở đâu?'),(2,_binary '','2024-07-12 05:21:24.229000',NULL,_binary '\0',NULL,NULL,'<h2>Sự kiện ra mắt cuốn sách “Chip War - Cuộc chiến vi mạch”: Vẽ lại bản đồ bán dẫn toàn cầu: Việt Nam ở đâu?</h2><p>Thứ Hai, 27/05/2024</p><p><i>Nhân dịp ra mắt cuốn sách&nbsp;“Chip War - Cuộc chiến vi mạch” của tác giả Chris Miller,&nbsp;Nhã Nam trân trọng mời các anh chị và các bạn đến tham dự sự kiện: “Vẽ lại bản đồ bán dẫn toàn cầu: Việt Nam ở đâu?”.</i></p><p><img src=\"https://bizweb.dktcdn.net/100/363/455/files/pha-n-2-ca-y-cam-ngo-t-cu-a-to-i.png?v=1716797492789\"></p><p>Cuộc cạnh tranh giữa các siêu cường hiện nay diễn ra mạnh trong lĩnh vực công nghệ, trong đó nổi bật nhất là cạnh tranh về vi mạch hay còn gọi là chất bán dẫn, thay vì tài nguyên thô.</p><p>Về chủ đề này, vừa qua Nhã Nam đã phát hành cuốn sách <i><strong>“Chip War - Cuộc chiến vi mạch”</strong></i> của tác giả Chris Miller. <i><strong>“Cuộc chiến vi mạch”</strong></i> đã giành giải thưởng Sách Kinh doanh của năm của Financial Times, giải Arthur Ross Book của Hội đồng Quan hệ Đối ngoại Mỹ (CFR) và lọt vào danh sách những cuốn sách hay nhất năm do tạp chí The Economist và tạp chí Foreign Affairs bình chọn.</p><p><img src=\"https://bizweb.dktcdn.net/100/363/455/files/pha-n-2-ca-y-cam-ngo-t-cu-a-to-i-1.png?v=1716797741947\"></p><p><strong>Chris Miller</strong>, tác giả của&nbsp;<i><strong>“Cuộc chiến vi mạch”,</strong></i> có bằng tiến sĩ và thạc sĩ tại Đại học Yale, bằng cử nhân lịch sử tại Đại học Harvard. Ông hiện là phó giáo sư chuyên ngành Lịch sử quốc tế tại Trường Luật và Ngoại giao Fletcher thuộc Đại học Tuffs; giảng viên thỉnh giảng Jeane Kirkpatrick tại Viện Doanh nghiệp Mỹ.</p><p>Ông từng là phó giám đốc Chương trình Brady-Johnson về Chiến lược lớn tại Đại học Yale; giảng viên trường New Economic School tại Moscow, học giả được mời nghiên cứu tại Trung tâm Moscow Carnegie, cộng tác viên nghiên cứu tại Viện Brookings, thành viên Học viện Transatlantic của Quỹ German Marshall.</p><p><img src=\"https://bizweb.dktcdn.net/100/363/455/files/pha-n-2-ca-y-cam-ngo-t-cu-a-to-i-2.png?v=1716798478092\"></p><p>Nhân dịp ra mắt cuốn sách, Nhã Nam trân trọng mời các bạn tới tham dự sự kiện <i><strong>“VẼ LẠI BẢN ĐỒ BÁN DẪN TOÀN CẦU: VIỆT NAM Ở ĐÂU?”</strong></i><strong>.</strong></p><p>Không chỉ tập trung vào cuộc cạnh tranh kéo dài hàng thập niên giữa các cường quốc để kiểm soát công nghệ vi mạch, sự kiện còn thảo luận về các xu thế công nghệ lớn có thể ảnh hưởng với Việt Nam.</p><p>__</p><p>THÔNG TIN SỰ KIỆN</p><p><strong>Thời gian</strong>: 09h00 Chủ nhật, ngày 02 tháng 06 năm 2024.</p><p><strong>Địa điểm</strong>: The Wiselands Coffee, 17 Hạ Hồi, Hoàn Kiếm, Hà Nội.</p><p><strong>Với sự tham gia của các vị khách mời:</strong></p><p>- Ông Phùng Việt Thắng - Giám đốc Intel Việt Nam;</p><p>- Ông Nguyễn Việt Hải - Giám đốc công nghệ Công ty SNS (Sirius Network Solution);</p><p>- Ông Phạm Sỹ Thành - Giám đốc Trung tâm nghiên cứu Kinh tế và Chiến lược Trung Quốc (CESS).</p><p>Để ban tổ chức sắp xếp được chu đáo, mời các anh, chị, các bạn đăng ký tham dự sự kiện tại&nbsp;<a href=\"https://forms.gle/xfpVyD1Zkp38MZEY8\"><strong>đây</strong></a>.</p>','http://res.cloudinary.com/duylinhmedia/image/upload/v1720736487/19dbf5a2-0bf3-40ce-ad56-942006382b96.jpg','Chip War - Cuộc chiến vi mạch',2,'Sự kiện ra mắt cuốn sách “Chip War - Cuộc chiến vi mạch”: Vẽ lại bản đồ bán dẫn toàn cầu: Việt Nam ở đâu?'),(3,_binary '','2024-07-12 05:21:24.229000',NULL,_binary '\0',NULL,NULL,'<h2>Sự kiện ra mắt cuốn sách “Chip War - Cuộc chiến vi mạch”: Vẽ lại bản đồ bán dẫn toàn cầu: Việt Nam ở đâu?</h2><p>Thứ Hai, 27/05/2024</p><p><i>Nhân dịp ra mắt cuốn sách&nbsp;“Chip War - Cuộc chiến vi mạch” của tác giả Chris Miller,&nbsp;Nhã Nam trân trọng mời các anh chị và các bạn đến tham dự sự kiện: “Vẽ lại bản đồ bán dẫn toàn cầu: Việt Nam ở đâu?”.</i></p><p><img src=\"https://bizweb.dktcdn.net/100/363/455/files/pha-n-2-ca-y-cam-ngo-t-cu-a-to-i.png?v=1716797492789\"></p><p>Cuộc cạnh tranh giữa các siêu cường hiện nay diễn ra mạnh trong lĩnh vực công nghệ, trong đó nổi bật nhất là cạnh tranh về vi mạch hay còn gọi là chất bán dẫn, thay vì tài nguyên thô.</p><p>Về chủ đề này, vừa qua Nhã Nam đã phát hành cuốn sách <i><strong>“Chip War - Cuộc chiến vi mạch”</strong></i> của tác giả Chris Miller. <i><strong>“Cuộc chiến vi mạch”</strong></i> đã giành giải thưởng Sách Kinh doanh của năm của Financial Times, giải Arthur Ross Book của Hội đồng Quan hệ Đối ngoại Mỹ (CFR) và lọt vào danh sách những cuốn sách hay nhất năm do tạp chí The Economist và tạp chí Foreign Affairs bình chọn.</p><p><img src=\"https://bizweb.dktcdn.net/100/363/455/files/pha-n-2-ca-y-cam-ngo-t-cu-a-to-i-1.png?v=1716797741947\"></p><p><strong>Chris Miller</strong>, tác giả của&nbsp;<i><strong>“Cuộc chiến vi mạch”,</strong></i> có bằng tiến sĩ và thạc sĩ tại Đại học Yale, bằng cử nhân lịch sử tại Đại học Harvard. Ông hiện là phó giáo sư chuyên ngành Lịch sử quốc tế tại Trường Luật và Ngoại giao Fletcher thuộc Đại học Tuffs; giảng viên thỉnh giảng Jeane Kirkpatrick tại Viện Doanh nghiệp Mỹ.</p><p>Ông từng là phó giám đốc Chương trình Brady-Johnson về Chiến lược lớn tại Đại học Yale; giảng viên trường New Economic School tại Moscow, học giả được mời nghiên cứu tại Trung tâm Moscow Carnegie, cộng tác viên nghiên cứu tại Viện Brookings, thành viên Học viện Transatlantic của Quỹ German Marshall.</p><p><img src=\"https://bizweb.dktcdn.net/100/363/455/files/pha-n-2-ca-y-cam-ngo-t-cu-a-to-i-2.png?v=1716798478092\"></p><p>Nhân dịp ra mắt cuốn sách, Nhã Nam trân trọng mời các bạn tới tham dự sự kiện <i><strong>“VẼ LẠI BẢN ĐỒ BÁN DẪN TOÀN CẦU: VIỆT NAM Ở ĐÂU?”</strong></i><strong>.</strong></p><p>Không chỉ tập trung vào cuộc cạnh tranh kéo dài hàng thập niên giữa các cường quốc để kiểm soát công nghệ vi mạch, sự kiện còn thảo luận về các xu thế công nghệ lớn có thể ảnh hưởng với Việt Nam.</p><p>__</p><p>THÔNG TIN SỰ KIỆN</p><p><strong>Thời gian</strong>: 09h00 Chủ nhật, ngày 02 tháng 06 năm 2024.</p><p><strong>Địa điểm</strong>: The Wiselands Coffee, 17 Hạ Hồi, Hoàn Kiếm, Hà Nội.</p><p><strong>Với sự tham gia của các vị khách mời:</strong></p><p>- Ông Phùng Việt Thắng - Giám đốc Intel Việt Nam;</p><p>- Ông Nguyễn Việt Hải - Giám đốc công nghệ Công ty SNS (Sirius Network Solution);</p><p>- Ông Phạm Sỹ Thành - Giám đốc Trung tâm nghiên cứu Kinh tế và Chiến lược Trung Quốc (CESS).</p><p>Để ban tổ chức sắp xếp được chu đáo, mời các anh, chị, các bạn đăng ký tham dự sự kiện tại&nbsp;<a href=\"https://forms.gle/xfpVyD1Zkp38MZEY8\"><strong>đây</strong></a>.</p>','http://res.cloudinary.com/duylinhmedia/image/upload/v1720736487/19dbf5a2-0bf3-40ce-ad56-942006382b96.jpg','Chip War - Cuộc chiến vi mạch',2,'Sự kiện ra mắt cuốn sách “Chip War - Cuộc chiến vi mạch”: Vẽ lại bản đồ bán dẫn toàn cầu: Việt Nam ở đâu?'),(4,_binary '','2024-07-12 05:21:24.229000',NULL,_binary '\0',NULL,NULL,'<h2>Sự kiện ra mắt cuốn sách “Chip War - Cuộc chiến vi mạch”: Vẽ lại bản đồ bán dẫn toàn cầu: Việt Nam ở đâu?</h2><p>Thứ Hai, 27/05/2024</p><p><i>Nhân dịp ra mắt cuốn sách&nbsp;“Chip War - Cuộc chiến vi mạch” của tác giả Chris Miller,&nbsp;Nhã Nam trân trọng mời các anh chị và các bạn đến tham dự sự kiện: “Vẽ lại bản đồ bán dẫn toàn cầu: Việt Nam ở đâu?”.</i></p><p><img src=\"https://bizweb.dktcdn.net/100/363/455/files/pha-n-2-ca-y-cam-ngo-t-cu-a-to-i.png?v=1716797492789\"></p><p>Cuộc cạnh tranh giữa các siêu cường hiện nay diễn ra mạnh trong lĩnh vực công nghệ, trong đó nổi bật nhất là cạnh tranh về vi mạch hay còn gọi là chất bán dẫn, thay vì tài nguyên thô.</p><p>Về chủ đề này, vừa qua Nhã Nam đã phát hành cuốn sách <i><strong>“Chip War - Cuộc chiến vi mạch”</strong></i> của tác giả Chris Miller. <i><strong>“Cuộc chiến vi mạch”</strong></i> đã giành giải thưởng Sách Kinh doanh của năm của Financial Times, giải Arthur Ross Book của Hội đồng Quan hệ Đối ngoại Mỹ (CFR) và lọt vào danh sách những cuốn sách hay nhất năm do tạp chí The Economist và tạp chí Foreign Affairs bình chọn.</p><p><img src=\"https://bizweb.dktcdn.net/100/363/455/files/pha-n-2-ca-y-cam-ngo-t-cu-a-to-i-1.png?v=1716797741947\"></p><p><strong>Chris Miller</strong>, tác giả của&nbsp;<i><strong>“Cuộc chiến vi mạch”,</strong></i> có bằng tiến sĩ và thạc sĩ tại Đại học Yale, bằng cử nhân lịch sử tại Đại học Harvard. Ông hiện là phó giáo sư chuyên ngành Lịch sử quốc tế tại Trường Luật và Ngoại giao Fletcher thuộc Đại học Tuffs; giảng viên thỉnh giảng Jeane Kirkpatrick tại Viện Doanh nghiệp Mỹ.</p><p>Ông từng là phó giám đốc Chương trình Brady-Johnson về Chiến lược lớn tại Đại học Yale; giảng viên trường New Economic School tại Moscow, học giả được mời nghiên cứu tại Trung tâm Moscow Carnegie, cộng tác viên nghiên cứu tại Viện Brookings, thành viên Học viện Transatlantic của Quỹ German Marshall.</p><p><img src=\"https://bizweb.dktcdn.net/100/363/455/files/pha-n-2-ca-y-cam-ngo-t-cu-a-to-i-2.png?v=1716798478092\"></p><p>Nhân dịp ra mắt cuốn sách, Nhã Nam trân trọng mời các bạn tới tham dự sự kiện <i><strong>“VẼ LẠI BẢN ĐỒ BÁN DẪN TOÀN CẦU: VIỆT NAM Ở ĐÂU?”</strong></i><strong>.</strong></p><p>Không chỉ tập trung vào cuộc cạnh tranh kéo dài hàng thập niên giữa các cường quốc để kiểm soát công nghệ vi mạch, sự kiện còn thảo luận về các xu thế công nghệ lớn có thể ảnh hưởng với Việt Nam.</p><p>__</p><p>THÔNG TIN SỰ KIỆN</p><p><strong>Thời gian</strong>: 09h00 Chủ nhật, ngày 02 tháng 06 năm 2024.</p><p><strong>Địa điểm</strong>: The Wiselands Coffee, 17 Hạ Hồi, Hoàn Kiếm, Hà Nội.</p><p><strong>Với sự tham gia của các vị khách mời:</strong></p><p>- Ông Phùng Việt Thắng - Giám đốc Intel Việt Nam;</p><p>- Ông Nguyễn Việt Hải - Giám đốc công nghệ Công ty SNS (Sirius Network Solution);</p><p>- Ông Phạm Sỹ Thành - Giám đốc Trung tâm nghiên cứu Kinh tế và Chiến lược Trung Quốc (CESS).</p><p>Để ban tổ chức sắp xếp được chu đáo, mời các anh, chị, các bạn đăng ký tham dự sự kiện tại&nbsp;<a href=\"https://forms.gle/xfpVyD1Zkp38MZEY8\"><strong>đây</strong></a>.</p>','http://res.cloudinary.com/duylinhmedia/image/upload/v1720736487/19dbf5a2-0bf3-40ce-ad56-942006382b96.jpg','Chip War - Cuộc chiến vi mạch',2,'Sự kiện ra mắt cuốn sách “Chip War - Cuộc chiến vi mạch”: Vẽ lại bản đồ bán dẫn toàn cầu: Việt Nam ở đâu?'),(5,_binary '','2024-07-12 05:21:24.229000',NULL,_binary '\0',NULL,NULL,'<h2>Sự kiện ra mắt cuốn sách “Chip War - Cuộc chiến vi mạch”: Vẽ lại bản đồ bán dẫn toàn cầu: Việt Nam ở đâu?</h2><p>Thứ Hai, 27/05/2024</p><p><i>Nhân dịp ra mắt cuốn sách&nbsp;“Chip War - Cuộc chiến vi mạch” của tác giả Chris Miller,&nbsp;Nhã Nam trân trọng mời các anh chị và các bạn đến tham dự sự kiện: “Vẽ lại bản đồ bán dẫn toàn cầu: Việt Nam ở đâu?”.</i></p><p><img src=\"https://bizweb.dktcdn.net/100/363/455/files/pha-n-2-ca-y-cam-ngo-t-cu-a-to-i.png?v=1716797492789\"></p><p>Cuộc cạnh tranh giữa các siêu cường hiện nay diễn ra mạnh trong lĩnh vực công nghệ, trong đó nổi bật nhất là cạnh tranh về vi mạch hay còn gọi là chất bán dẫn, thay vì tài nguyên thô.</p><p>Về chủ đề này, vừa qua Nhã Nam đã phát hành cuốn sách <i><strong>“Chip War - Cuộc chiến vi mạch”</strong></i> của tác giả Chris Miller. <i><strong>“Cuộc chiến vi mạch”</strong></i> đã giành giải thưởng Sách Kinh doanh của năm của Financial Times, giải Arthur Ross Book của Hội đồng Quan hệ Đối ngoại Mỹ (CFR) và lọt vào danh sách những cuốn sách hay nhất năm do tạp chí The Economist và tạp chí Foreign Affairs bình chọn.</p><p><img src=\"https://bizweb.dktcdn.net/100/363/455/files/pha-n-2-ca-y-cam-ngo-t-cu-a-to-i-1.png?v=1716797741947\"></p><p><strong>Chris Miller</strong>, tác giả của&nbsp;<i><strong>“Cuộc chiến vi mạch”,</strong></i> có bằng tiến sĩ và thạc sĩ tại Đại học Yale, bằng cử nhân lịch sử tại Đại học Harvard. Ông hiện là phó giáo sư chuyên ngành Lịch sử quốc tế tại Trường Luật và Ngoại giao Fletcher thuộc Đại học Tuffs; giảng viên thỉnh giảng Jeane Kirkpatrick tại Viện Doanh nghiệp Mỹ.</p><p>Ông từng là phó giám đốc Chương trình Brady-Johnson về Chiến lược lớn tại Đại học Yale; giảng viên trường New Economic School tại Moscow, học giả được mời nghiên cứu tại Trung tâm Moscow Carnegie, cộng tác viên nghiên cứu tại Viện Brookings, thành viên Học viện Transatlantic của Quỹ German Marshall.</p><p><img src=\"https://bizweb.dktcdn.net/100/363/455/files/pha-n-2-ca-y-cam-ngo-t-cu-a-to-i-2.png?v=1716798478092\"></p><p>Nhân dịp ra mắt cuốn sách, Nhã Nam trân trọng mời các bạn tới tham dự sự kiện <i><strong>“VẼ LẠI BẢN ĐỒ BÁN DẪN TOÀN CẦU: VIỆT NAM Ở ĐÂU?”</strong></i><strong>.</strong></p><p>Không chỉ tập trung vào cuộc cạnh tranh kéo dài hàng thập niên giữa các cường quốc để kiểm soát công nghệ vi mạch, sự kiện còn thảo luận về các xu thế công nghệ lớn có thể ảnh hưởng với Việt Nam.</p><p>__</p><p>THÔNG TIN SỰ KIỆN</p><p><strong>Thời gian</strong>: 09h00 Chủ nhật, ngày 02 tháng 06 năm 2024.</p><p><strong>Địa điểm</strong>: The Wiselands Coffee, 17 Hạ Hồi, Hoàn Kiếm, Hà Nội.</p><p><strong>Với sự tham gia của các vị khách mời:</strong></p><p>- Ông Phùng Việt Thắng - Giám đốc Intel Việt Nam;</p><p>- Ông Nguyễn Việt Hải - Giám đốc công nghệ Công ty SNS (Sirius Network Solution);</p><p>- Ông Phạm Sỹ Thành - Giám đốc Trung tâm nghiên cứu Kinh tế và Chiến lược Trung Quốc (CESS).</p><p>Để ban tổ chức sắp xếp được chu đáo, mời các anh, chị, các bạn đăng ký tham dự sự kiện tại&nbsp;<a href=\"https://forms.gle/xfpVyD1Zkp38MZEY8\"><strong>đây</strong></a>.</p>','http://res.cloudinary.com/duylinhmedia/image/upload/v1720736487/19dbf5a2-0bf3-40ce-ad56-942006382b96.jpg','Chip War - Cuộc chiến vi mạch',2,'Sự kiện ra mắt cuốn sách “Chip War - Cuộc chiến vi mạch”: Vẽ lại bản đồ bán dẫn toàn cầu: Việt Nam ở đâu?'),(6,_binary '','2024-07-12 05:21:24.229000',NULL,_binary '\0',NULL,NULL,'<h2>Sự kiện ra mắt cuốn sách “Chip War - Cuộc chiến vi mạch”: Vẽ lại bản đồ bán dẫn toàn cầu: Việt Nam ở đâu?</h2><p>Thứ Hai, 27/05/2024</p><p><i>Nhân dịp ra mắt cuốn sách&nbsp;“Chip War - Cuộc chiến vi mạch” của tác giả Chris Miller,&nbsp;Nhã Nam trân trọng mời các anh chị và các bạn đến tham dự sự kiện: “Vẽ lại bản đồ bán dẫn toàn cầu: Việt Nam ở đâu?”.</i></p><p><img src=\"https://bizweb.dktcdn.net/100/363/455/files/pha-n-2-ca-y-cam-ngo-t-cu-a-to-i.png?v=1716797492789\"></p><p>Cuộc cạnh tranh giữa các siêu cường hiện nay diễn ra mạnh trong lĩnh vực công nghệ, trong đó nổi bật nhất là cạnh tranh về vi mạch hay còn gọi là chất bán dẫn, thay vì tài nguyên thô.</p><p>Về chủ đề này, vừa qua Nhã Nam đã phát hành cuốn sách <i><strong>“Chip War - Cuộc chiến vi mạch”</strong></i> của tác giả Chris Miller. <i><strong>“Cuộc chiến vi mạch”</strong></i> đã giành giải thưởng Sách Kinh doanh của năm của Financial Times, giải Arthur Ross Book của Hội đồng Quan hệ Đối ngoại Mỹ (CFR) và lọt vào danh sách những cuốn sách hay nhất năm do tạp chí The Economist và tạp chí Foreign Affairs bình chọn.</p><p><img src=\"https://bizweb.dktcdn.net/100/363/455/files/pha-n-2-ca-y-cam-ngo-t-cu-a-to-i-1.png?v=1716797741947\"></p><p><strong>Chris Miller</strong>, tác giả của&nbsp;<i><strong>“Cuộc chiến vi mạch”,</strong></i> có bằng tiến sĩ và thạc sĩ tại Đại học Yale, bằng cử nhân lịch sử tại Đại học Harvard. Ông hiện là phó giáo sư chuyên ngành Lịch sử quốc tế tại Trường Luật và Ngoại giao Fletcher thuộc Đại học Tuffs; giảng viên thỉnh giảng Jeane Kirkpatrick tại Viện Doanh nghiệp Mỹ.</p><p>Ông từng là phó giám đốc Chương trình Brady-Johnson về Chiến lược lớn tại Đại học Yale; giảng viên trường New Economic School tại Moscow, học giả được mời nghiên cứu tại Trung tâm Moscow Carnegie, cộng tác viên nghiên cứu tại Viện Brookings, thành viên Học viện Transatlantic của Quỹ German Marshall.</p><p><img src=\"https://bizweb.dktcdn.net/100/363/455/files/pha-n-2-ca-y-cam-ngo-t-cu-a-to-i-2.png?v=1716798478092\"></p><p>Nhân dịp ra mắt cuốn sách, Nhã Nam trân trọng mời các bạn tới tham dự sự kiện <i><strong>“VẼ LẠI BẢN ĐỒ BÁN DẪN TOÀN CẦU: VIỆT NAM Ở ĐÂU?”</strong></i><strong>.</strong></p><p>Không chỉ tập trung vào cuộc cạnh tranh kéo dài hàng thập niên giữa các cường quốc để kiểm soát công nghệ vi mạch, sự kiện còn thảo luận về các xu thế công nghệ lớn có thể ảnh hưởng với Việt Nam.</p><p>__</p><p>THÔNG TIN SỰ KIỆN</p><p><strong>Thời gian</strong>: 09h00 Chủ nhật, ngày 02 tháng 06 năm 2024.</p><p><strong>Địa điểm</strong>: The Wiselands Coffee, 17 Hạ Hồi, Hoàn Kiếm, Hà Nội.</p><p><strong>Với sự tham gia của các vị khách mời:</strong></p><p>- Ông Phùng Việt Thắng - Giám đốc Intel Việt Nam;</p><p>- Ông Nguyễn Việt Hải - Giám đốc công nghệ Công ty SNS (Sirius Network Solution);</p><p>- Ông Phạm Sỹ Thành - Giám đốc Trung tâm nghiên cứu Kinh tế và Chiến lược Trung Quốc (CESS).</p><p>Để ban tổ chức sắp xếp được chu đáo, mời các anh, chị, các bạn đăng ký tham dự sự kiện tại&nbsp;<a href=\"https://forms.gle/xfpVyD1Zkp38MZEY8\"><strong>đây</strong></a>.</p>','http://res.cloudinary.com/duylinhmedia/image/upload/v1720736487/19dbf5a2-0bf3-40ce-ad56-942006382b96.jpg','Chip War - Cuộc chiến vi mạch',2,'Sự kiện ra mắt cuốn sách “Chip War - Cuộc chiến vi mạch”: Vẽ lại bản đồ bán dẫn toàn cầu: Việt Nam ở đâu?'),(7,_binary '','2024-07-12 05:21:24.229000',NULL,_binary '\0',NULL,NULL,'<h2>Sự kiện ra mắt cuốn sách “Chip War - Cuộc chiến vi mạch”: Vẽ lại bản đồ bán dẫn toàn cầu: Việt Nam ở đâu?</h2><p>Thứ Hai, 27/05/2024</p><p><i>Nhân dịp ra mắt cuốn sách&nbsp;“Chip War - Cuộc chiến vi mạch” của tác giả Chris Miller,&nbsp;Nhã Nam trân trọng mời các anh chị và các bạn đến tham dự sự kiện: “Vẽ lại bản đồ bán dẫn toàn cầu: Việt Nam ở đâu?”.</i></p><p><img src=\"https://bizweb.dktcdn.net/100/363/455/files/pha-n-2-ca-y-cam-ngo-t-cu-a-to-i.png?v=1716797492789\"></p><p>Cuộc cạnh tranh giữa các siêu cường hiện nay diễn ra mạnh trong lĩnh vực công nghệ, trong đó nổi bật nhất là cạnh tranh về vi mạch hay còn gọi là chất bán dẫn, thay vì tài nguyên thô.</p><p>Về chủ đề này, vừa qua Nhã Nam đã phát hành cuốn sách <i><strong>“Chip War - Cuộc chiến vi mạch”</strong></i> của tác giả Chris Miller. <i><strong>“Cuộc chiến vi mạch”</strong></i> đã giành giải thưởng Sách Kinh doanh của năm của Financial Times, giải Arthur Ross Book của Hội đồng Quan hệ Đối ngoại Mỹ (CFR) và lọt vào danh sách những cuốn sách hay nhất năm do tạp chí The Economist và tạp chí Foreign Affairs bình chọn.</p><p><img src=\"https://bizweb.dktcdn.net/100/363/455/files/pha-n-2-ca-y-cam-ngo-t-cu-a-to-i-1.png?v=1716797741947\"></p><p><strong>Chris Miller</strong>, tác giả của&nbsp;<i><strong>“Cuộc chiến vi mạch”,</strong></i> có bằng tiến sĩ và thạc sĩ tại Đại học Yale, bằng cử nhân lịch sử tại Đại học Harvard. Ông hiện là phó giáo sư chuyên ngành Lịch sử quốc tế tại Trường Luật và Ngoại giao Fletcher thuộc Đại học Tuffs; giảng viên thỉnh giảng Jeane Kirkpatrick tại Viện Doanh nghiệp Mỹ.</p><p>Ông từng là phó giám đốc Chương trình Brady-Johnson về Chiến lược lớn tại Đại học Yale; giảng viên trường New Economic School tại Moscow, học giả được mời nghiên cứu tại Trung tâm Moscow Carnegie, cộng tác viên nghiên cứu tại Viện Brookings, thành viên Học viện Transatlantic của Quỹ German Marshall.</p><p><img src=\"https://bizweb.dktcdn.net/100/363/455/files/pha-n-2-ca-y-cam-ngo-t-cu-a-to-i-2.png?v=1716798478092\"></p><p>Nhân dịp ra mắt cuốn sách, Nhã Nam trân trọng mời các bạn tới tham dự sự kiện <i><strong>“VẼ LẠI BẢN ĐỒ BÁN DẪN TOÀN CẦU: VIỆT NAM Ở ĐÂU?”</strong></i><strong>.</strong></p><p>Không chỉ tập trung vào cuộc cạnh tranh kéo dài hàng thập niên giữa các cường quốc để kiểm soát công nghệ vi mạch, sự kiện còn thảo luận về các xu thế công nghệ lớn có thể ảnh hưởng với Việt Nam.</p><p>__</p><p>THÔNG TIN SỰ KIỆN</p><p><strong>Thời gian</strong>: 09h00 Chủ nhật, ngày 02 tháng 06 năm 2024.</p><p><strong>Địa điểm</strong>: The Wiselands Coffee, 17 Hạ Hồi, Hoàn Kiếm, Hà Nội.</p><p><strong>Với sự tham gia của các vị khách mời:</strong></p><p>- Ông Phùng Việt Thắng - Giám đốc Intel Việt Nam;</p><p>- Ông Nguyễn Việt Hải - Giám đốc công nghệ Công ty SNS (Sirius Network Solution);</p><p>- Ông Phạm Sỹ Thành - Giám đốc Trung tâm nghiên cứu Kinh tế và Chiến lược Trung Quốc (CESS).</p><p>Để ban tổ chức sắp xếp được chu đáo, mời các anh, chị, các bạn đăng ký tham dự sự kiện tại&nbsp;<a href=\"https://forms.gle/xfpVyD1Zkp38MZEY8\"><strong>đây</strong></a>.</p>','http://res.cloudinary.com/duylinhmedia/image/upload/v1720736487/19dbf5a2-0bf3-40ce-ad56-942006382b96.jpg','Chip War - Cuộc chiến vi mạch',2,'Sự kiện ra mắt cuốn sách “Chip War - Cuộc chiến vi mạch”: Vẽ lại bản đồ bán dẫn toàn cầu: Việt Nam ở đâu?'),(8,_binary '','2024-07-12 05:21:24.229000',NULL,_binary '\0',NULL,NULL,'<h2>Sự kiện ra mắt cuốn sách “Chip War - Cuộc chiến vi mạch”: Vẽ lại bản đồ bán dẫn toàn cầu: Việt Nam ở đâu?</h2><p>Thứ Hai, 27/05/2024</p><p><i>Nhân dịp ra mắt cuốn sách&nbsp;“Chip War - Cuộc chiến vi mạch” của tác giả Chris Miller,&nbsp;Nhã Nam trân trọng mời các anh chị và các bạn đến tham dự sự kiện: “Vẽ lại bản đồ bán dẫn toàn cầu: Việt Nam ở đâu?”.</i></p><p><img src=\"https://bizweb.dktcdn.net/100/363/455/files/pha-n-2-ca-y-cam-ngo-t-cu-a-to-i.png?v=1716797492789\"></p><p>Cuộc cạnh tranh giữa các siêu cường hiện nay diễn ra mạnh trong lĩnh vực công nghệ, trong đó nổi bật nhất là cạnh tranh về vi mạch hay còn gọi là chất bán dẫn, thay vì tài nguyên thô.</p><p>Về chủ đề này, vừa qua Nhã Nam đã phát hành cuốn sách <i><strong>“Chip War - Cuộc chiến vi mạch”</strong></i> của tác giả Chris Miller. <i><strong>“Cuộc chiến vi mạch”</strong></i> đã giành giải thưởng Sách Kinh doanh của năm của Financial Times, giải Arthur Ross Book của Hội đồng Quan hệ Đối ngoại Mỹ (CFR) và lọt vào danh sách những cuốn sách hay nhất năm do tạp chí The Economist và tạp chí Foreign Affairs bình chọn.</p><p><img src=\"https://bizweb.dktcdn.net/100/363/455/files/pha-n-2-ca-y-cam-ngo-t-cu-a-to-i-1.png?v=1716797741947\"></p><p><strong>Chris Miller</strong>, tác giả của&nbsp;<i><strong>“Cuộc chiến vi mạch”,</strong></i> có bằng tiến sĩ và thạc sĩ tại Đại học Yale, bằng cử nhân lịch sử tại Đại học Harvard. Ông hiện là phó giáo sư chuyên ngành Lịch sử quốc tế tại Trường Luật và Ngoại giao Fletcher thuộc Đại học Tuffs; giảng viên thỉnh giảng Jeane Kirkpatrick tại Viện Doanh nghiệp Mỹ.</p><p>Ông từng là phó giám đốc Chương trình Brady-Johnson về Chiến lược lớn tại Đại học Yale; giảng viên trường New Economic School tại Moscow, học giả được mời nghiên cứu tại Trung tâm Moscow Carnegie, cộng tác viên nghiên cứu tại Viện Brookings, thành viên Học viện Transatlantic của Quỹ German Marshall.</p><p><img src=\"https://bizweb.dktcdn.net/100/363/455/files/pha-n-2-ca-y-cam-ngo-t-cu-a-to-i-2.png?v=1716798478092\"></p><p>Nhân dịp ra mắt cuốn sách, Nhã Nam trân trọng mời các bạn tới tham dự sự kiện <i><strong>“VẼ LẠI BẢN ĐỒ BÁN DẪN TOÀN CẦU: VIỆT NAM Ở ĐÂU?”</strong></i><strong>.</strong></p><p>Không chỉ tập trung vào cuộc cạnh tranh kéo dài hàng thập niên giữa các cường quốc để kiểm soát công nghệ vi mạch, sự kiện còn thảo luận về các xu thế công nghệ lớn có thể ảnh hưởng với Việt Nam.</p><p>__</p><p>THÔNG TIN SỰ KIỆN</p><p><strong>Thời gian</strong>: 09h00 Chủ nhật, ngày 02 tháng 06 năm 2024.</p><p><strong>Địa điểm</strong>: The Wiselands Coffee, 17 Hạ Hồi, Hoàn Kiếm, Hà Nội.</p><p><strong>Với sự tham gia của các vị khách mời:</strong></p><p>- Ông Phùng Việt Thắng - Giám đốc Intel Việt Nam;</p><p>- Ông Nguyễn Việt Hải - Giám đốc công nghệ Công ty SNS (Sirius Network Solution);</p><p>- Ông Phạm Sỹ Thành - Giám đốc Trung tâm nghiên cứu Kinh tế và Chiến lược Trung Quốc (CESS).</p><p>Để ban tổ chức sắp xếp được chu đáo, mời các anh, chị, các bạn đăng ký tham dự sự kiện tại&nbsp;<a href=\"https://forms.gle/xfpVyD1Zkp38MZEY8\"><strong>đây</strong></a>.</p>','http://res.cloudinary.com/duylinhmedia/image/upload/v1720736487/19dbf5a2-0bf3-40ce-ad56-942006382b96.jpg','Chip War - Cuộc chiến vi mạch',2,'Sự kiện ra mắt cuốn sách “Chip War - Cuộc chiến vi mạch”: Vẽ lại bản đồ bán dẫn toàn cầu: Việt Nam ở đâu?'),(9,_binary '','2024-07-12 05:21:24.229000',NULL,_binary '\0',NULL,NULL,'<h2>Sự kiện ra mắt cuốn sách “Chip War - Cuộc chiến vi mạch”: Vẽ lại bản đồ bán dẫn toàn cầu: Việt Nam ở đâu?</h2><p>Thứ Hai, 27/05/2024</p><p><i>Nhân dịp ra mắt cuốn sách&nbsp;“Chip War - Cuộc chiến vi mạch” của tác giả Chris Miller,&nbsp;Nhã Nam trân trọng mời các anh chị và các bạn đến tham dự sự kiện: “Vẽ lại bản đồ bán dẫn toàn cầu: Việt Nam ở đâu?”.</i></p><p><img src=\"https://bizweb.dktcdn.net/100/363/455/files/pha-n-2-ca-y-cam-ngo-t-cu-a-to-i.png?v=1716797492789\"></p><p>Cuộc cạnh tranh giữa các siêu cường hiện nay diễn ra mạnh trong lĩnh vực công nghệ, trong đó nổi bật nhất là cạnh tranh về vi mạch hay còn gọi là chất bán dẫn, thay vì tài nguyên thô.</p><p>Về chủ đề này, vừa qua Nhã Nam đã phát hành cuốn sách <i><strong>“Chip War - Cuộc chiến vi mạch”</strong></i> của tác giả Chris Miller. <i><strong>“Cuộc chiến vi mạch”</strong></i> đã giành giải thưởng Sách Kinh doanh của năm của Financial Times, giải Arthur Ross Book của Hội đồng Quan hệ Đối ngoại Mỹ (CFR) và lọt vào danh sách những cuốn sách hay nhất năm do tạp chí The Economist và tạp chí Foreign Affairs bình chọn.</p><p><img src=\"https://bizweb.dktcdn.net/100/363/455/files/pha-n-2-ca-y-cam-ngo-t-cu-a-to-i-1.png?v=1716797741947\"></p><p><strong>Chris Miller</strong>, tác giả của&nbsp;<i><strong>“Cuộc chiến vi mạch”,</strong></i> có bằng tiến sĩ và thạc sĩ tại Đại học Yale, bằng cử nhân lịch sử tại Đại học Harvard. Ông hiện là phó giáo sư chuyên ngành Lịch sử quốc tế tại Trường Luật và Ngoại giao Fletcher thuộc Đại học Tuffs; giảng viên thỉnh giảng Jeane Kirkpatrick tại Viện Doanh nghiệp Mỹ.</p><p>Ông từng là phó giám đốc Chương trình Brady-Johnson về Chiến lược lớn tại Đại học Yale; giảng viên trường New Economic School tại Moscow, học giả được mời nghiên cứu tại Trung tâm Moscow Carnegie, cộng tác viên nghiên cứu tại Viện Brookings, thành viên Học viện Transatlantic của Quỹ German Marshall.</p><p><img src=\"https://bizweb.dktcdn.net/100/363/455/files/pha-n-2-ca-y-cam-ngo-t-cu-a-to-i-2.png?v=1716798478092\"></p><p>Nhân dịp ra mắt cuốn sách, Nhã Nam trân trọng mời các bạn tới tham dự sự kiện <i><strong>“VẼ LẠI BẢN ĐỒ BÁN DẪN TOÀN CẦU: VIỆT NAM Ở ĐÂU?”</strong></i><strong>.</strong></p><p>Không chỉ tập trung vào cuộc cạnh tranh kéo dài hàng thập niên giữa các cường quốc để kiểm soát công nghệ vi mạch, sự kiện còn thảo luận về các xu thế công nghệ lớn có thể ảnh hưởng với Việt Nam.</p><p>__</p><p>THÔNG TIN SỰ KIỆN</p><p><strong>Thời gian</strong>: 09h00 Chủ nhật, ngày 02 tháng 06 năm 2024.</p><p><strong>Địa điểm</strong>: The Wiselands Coffee, 17 Hạ Hồi, Hoàn Kiếm, Hà Nội.</p><p><strong>Với sự tham gia của các vị khách mời:</strong></p><p>- Ông Phùng Việt Thắng - Giám đốc Intel Việt Nam;</p><p>- Ông Nguyễn Việt Hải - Giám đốc công nghệ Công ty SNS (Sirius Network Solution);</p><p>- Ông Phạm Sỹ Thành - Giám đốc Trung tâm nghiên cứu Kinh tế và Chiến lược Trung Quốc (CESS).</p><p>Để ban tổ chức sắp xếp được chu đáo, mời các anh, chị, các bạn đăng ký tham dự sự kiện tại&nbsp;<a href=\"https://forms.gle/xfpVyD1Zkp38MZEY8\"><strong>đây</strong></a>.</p>','http://res.cloudinary.com/duylinhmedia/image/upload/v1720736487/19dbf5a2-0bf3-40ce-ad56-942006382b96.jpg','Chip War - Cuộc chiến vi mạch',2,'Sự kiện ra mắt cuốn sách “Chip War - Cuộc chiến vi mạch”: Vẽ lại bản đồ bán dẫn toàn cầu: Việt Nam ở đâu?'),(10,_binary '','2024-07-12 05:21:24.229000',NULL,_binary '\0',NULL,NULL,'<h2>Sự kiện ra mắt cuốn sách “Chip War - Cuộc chiến vi mạch”: Vẽ lại bản đồ bán dẫn toàn cầu: Việt Nam ở đâu?</h2><p>Thứ Hai, 27/05/2024</p><p><i>Nhân dịp ra mắt cuốn sách&nbsp;“Chip War - Cuộc chiến vi mạch” của tác giả Chris Miller,&nbsp;Nhã Nam trân trọng mời các anh chị và các bạn đến tham dự sự kiện: “Vẽ lại bản đồ bán dẫn toàn cầu: Việt Nam ở đâu?”.</i></p><p><img src=\"https://bizweb.dktcdn.net/100/363/455/files/pha-n-2-ca-y-cam-ngo-t-cu-a-to-i.png?v=1716797492789\"></p><p>Cuộc cạnh tranh giữa các siêu cường hiện nay diễn ra mạnh trong lĩnh vực công nghệ, trong đó nổi bật nhất là cạnh tranh về vi mạch hay còn gọi là chất bán dẫn, thay vì tài nguyên thô.</p><p>Về chủ đề này, vừa qua Nhã Nam đã phát hành cuốn sách <i><strong>“Chip War - Cuộc chiến vi mạch”</strong></i> của tác giả Chris Miller. <i><strong>“Cuộc chiến vi mạch”</strong></i> đã giành giải thưởng Sách Kinh doanh của năm của Financial Times, giải Arthur Ross Book của Hội đồng Quan hệ Đối ngoại Mỹ (CFR) và lọt vào danh sách những cuốn sách hay nhất năm do tạp chí The Economist và tạp chí Foreign Affairs bình chọn.</p><p><img src=\"https://bizweb.dktcdn.net/100/363/455/files/pha-n-2-ca-y-cam-ngo-t-cu-a-to-i-1.png?v=1716797741947\"></p><p><strong>Chris Miller</strong>, tác giả của&nbsp;<i><strong>“Cuộc chiến vi mạch”,</strong></i> có bằng tiến sĩ và thạc sĩ tại Đại học Yale, bằng cử nhân lịch sử tại Đại học Harvard. Ông hiện là phó giáo sư chuyên ngành Lịch sử quốc tế tại Trường Luật và Ngoại giao Fletcher thuộc Đại học Tuffs; giảng viên thỉnh giảng Jeane Kirkpatrick tại Viện Doanh nghiệp Mỹ.</p><p>Ông từng là phó giám đốc Chương trình Brady-Johnson về Chiến lược lớn tại Đại học Yale; giảng viên trường New Economic School tại Moscow, học giả được mời nghiên cứu tại Trung tâm Moscow Carnegie, cộng tác viên nghiên cứu tại Viện Brookings, thành viên Học viện Transatlantic của Quỹ German Marshall.</p><p><img src=\"https://bizweb.dktcdn.net/100/363/455/files/pha-n-2-ca-y-cam-ngo-t-cu-a-to-i-2.png?v=1716798478092\"></p><p>Nhân dịp ra mắt cuốn sách, Nhã Nam trân trọng mời các bạn tới tham dự sự kiện <i><strong>“VẼ LẠI BẢN ĐỒ BÁN DẪN TOÀN CẦU: VIỆT NAM Ở ĐÂU?”</strong></i><strong>.</strong></p><p>Không chỉ tập trung vào cuộc cạnh tranh kéo dài hàng thập niên giữa các cường quốc để kiểm soát công nghệ vi mạch, sự kiện còn thảo luận về các xu thế công nghệ lớn có thể ảnh hưởng với Việt Nam.</p><p>__</p><p>THÔNG TIN SỰ KIỆN</p><p><strong>Thời gian</strong>: 09h00 Chủ nhật, ngày 02 tháng 06 năm 2024.</p><p><strong>Địa điểm</strong>: The Wiselands Coffee, 17 Hạ Hồi, Hoàn Kiếm, Hà Nội.</p><p><strong>Với sự tham gia của các vị khách mời:</strong></p><p>- Ông Phùng Việt Thắng - Giám đốc Intel Việt Nam;</p><p>- Ông Nguyễn Việt Hải - Giám đốc công nghệ Công ty SNS (Sirius Network Solution);</p><p>- Ông Phạm Sỹ Thành - Giám đốc Trung tâm nghiên cứu Kinh tế và Chiến lược Trung Quốc (CESS).</p><p>Để ban tổ chức sắp xếp được chu đáo, mời các anh, chị, các bạn đăng ký tham dự sự kiện tại&nbsp;<a href=\"https://forms.gle/xfpVyD1Zkp38MZEY8\"><strong>đây</strong></a>.</p>','http://res.cloudinary.com/duylinhmedia/image/upload/v1720736487/19dbf5a2-0bf3-40ce-ad56-942006382b96.jpg','Chip War - Cuộc chiến vi mạch',2,'Sự kiện ra mắt cuốn sách “Chip War - Cuộc chiến vi mạch”: Vẽ lại bản đồ bán dẫn toàn cầu: Việt Nam ở đâu?'),(11,_binary '','2024-07-12 05:21:24.229000',NULL,_binary '\0',NULL,NULL,'<h2>Sự kiện ra mắt cuốn sách “Chip War - Cuộc chiến vi mạch”: Vẽ lại bản đồ bán dẫn toàn cầu: Việt Nam ở đâu?</h2><p>Thứ Hai, 27/05/2024</p><p><i>Nhân dịp ra mắt cuốn sách&nbsp;“Chip War - Cuộc chiến vi mạch” của tác giả Chris Miller,&nbsp;Nhã Nam trân trọng mời các anh chị và các bạn đến tham dự sự kiện: “Vẽ lại bản đồ bán dẫn toàn cầu: Việt Nam ở đâu?”.</i></p><p><img src=\"https://bizweb.dktcdn.net/100/363/455/files/pha-n-2-ca-y-cam-ngo-t-cu-a-to-i.png?v=1716797492789\"></p><p>Cuộc cạnh tranh giữa các siêu cường hiện nay diễn ra mạnh trong lĩnh vực công nghệ, trong đó nổi bật nhất là cạnh tranh về vi mạch hay còn gọi là chất bán dẫn, thay vì tài nguyên thô.</p><p>Về chủ đề này, vừa qua Nhã Nam đã phát hành cuốn sách <i><strong>“Chip War - Cuộc chiến vi mạch”</strong></i> của tác giả Chris Miller. <i><strong>“Cuộc chiến vi mạch”</strong></i> đã giành giải thưởng Sách Kinh doanh của năm của Financial Times, giải Arthur Ross Book của Hội đồng Quan hệ Đối ngoại Mỹ (CFR) và lọt vào danh sách những cuốn sách hay nhất năm do tạp chí The Economist và tạp chí Foreign Affairs bình chọn.</p><p><img src=\"https://bizweb.dktcdn.net/100/363/455/files/pha-n-2-ca-y-cam-ngo-t-cu-a-to-i-1.png?v=1716797741947\"></p><p><strong>Chris Miller</strong>, tác giả của&nbsp;<i><strong>“Cuộc chiến vi mạch”,</strong></i> có bằng tiến sĩ và thạc sĩ tại Đại học Yale, bằng cử nhân lịch sử tại Đại học Harvard. Ông hiện là phó giáo sư chuyên ngành Lịch sử quốc tế tại Trường Luật và Ngoại giao Fletcher thuộc Đại học Tuffs; giảng viên thỉnh giảng Jeane Kirkpatrick tại Viện Doanh nghiệp Mỹ.</p><p>Ông từng là phó giám đốc Chương trình Brady-Johnson về Chiến lược lớn tại Đại học Yale; giảng viên trường New Economic School tại Moscow, học giả được mời nghiên cứu tại Trung tâm Moscow Carnegie, cộng tác viên nghiên cứu tại Viện Brookings, thành viên Học viện Transatlantic của Quỹ German Marshall.</p><p><img src=\"https://bizweb.dktcdn.net/100/363/455/files/pha-n-2-ca-y-cam-ngo-t-cu-a-to-i-2.png?v=1716798478092\"></p><p>Nhân dịp ra mắt cuốn sách, Nhã Nam trân trọng mời các bạn tới tham dự sự kiện <i><strong>“VẼ LẠI BẢN ĐỒ BÁN DẪN TOÀN CẦU: VIỆT NAM Ở ĐÂU?”</strong></i><strong>.</strong></p><p>Không chỉ tập trung vào cuộc cạnh tranh kéo dài hàng thập niên giữa các cường quốc để kiểm soát công nghệ vi mạch, sự kiện còn thảo luận về các xu thế công nghệ lớn có thể ảnh hưởng với Việt Nam.</p><p>__</p><p>THÔNG TIN SỰ KIỆN</p><p><strong>Thời gian</strong>: 09h00 Chủ nhật, ngày 02 tháng 06 năm 2024.</p><p><strong>Địa điểm</strong>: The Wiselands Coffee, 17 Hạ Hồi, Hoàn Kiếm, Hà Nội.</p><p><strong>Với sự tham gia của các vị khách mời:</strong></p><p>- Ông Phùng Việt Thắng - Giám đốc Intel Việt Nam;</p><p>- Ông Nguyễn Việt Hải - Giám đốc công nghệ Công ty SNS (Sirius Network Solution);</p><p>- Ông Phạm Sỹ Thành - Giám đốc Trung tâm nghiên cứu Kinh tế và Chiến lược Trung Quốc (CESS).</p><p>Để ban tổ chức sắp xếp được chu đáo, mời các anh, chị, các bạn đăng ký tham dự sự kiện tại&nbsp;<a href=\"https://forms.gle/xfpVyD1Zkp38MZEY8\"><strong>đây</strong></a>.</p>','http://res.cloudinary.com/duylinhmedia/image/upload/v1720736487/19dbf5a2-0bf3-40ce-ad56-942006382b96.jpg','Chip War - Cuộc chiến vi mạch',2,'Sự kiện ra mắt cuốn sách “Chip War - Cuộc chiến vi mạch”: Vẽ lại bản đồ bán dẫn toàn cầu: Việt Nam ở đâu?'),(12,_binary '','2024-07-12 05:21:24.229000',NULL,_binary '\0',NULL,NULL,'<h2>Sự kiện ra mắt cuốn sách “Chip War - Cuộc chiến vi mạch”: Vẽ lại bản đồ bán dẫn toàn cầu: Việt Nam ở đâu?</h2><p>Thứ Hai, 27/05/2024</p><p><i>Nhân dịp ra mắt cuốn sách&nbsp;“Chip War - Cuộc chiến vi mạch” của tác giả Chris Miller,&nbsp;Nhã Nam trân trọng mời các anh chị và các bạn đến tham dự sự kiện: “Vẽ lại bản đồ bán dẫn toàn cầu: Việt Nam ở đâu?”.</i></p><p><img src=\"https://bizweb.dktcdn.net/100/363/455/files/pha-n-2-ca-y-cam-ngo-t-cu-a-to-i.png?v=1716797492789\"></p><p>Cuộc cạnh tranh giữa các siêu cường hiện nay diễn ra mạnh trong lĩnh vực công nghệ, trong đó nổi bật nhất là cạnh tranh về vi mạch hay còn gọi là chất bán dẫn, thay vì tài nguyên thô.</p><p>Về chủ đề này, vừa qua Nhã Nam đã phát hành cuốn sách <i><strong>“Chip War - Cuộc chiến vi mạch”</strong></i> của tác giả Chris Miller. <i><strong>“Cuộc chiến vi mạch”</strong></i> đã giành giải thưởng Sách Kinh doanh của năm của Financial Times, giải Arthur Ross Book của Hội đồng Quan hệ Đối ngoại Mỹ (CFR) và lọt vào danh sách những cuốn sách hay nhất năm do tạp chí The Economist và tạp chí Foreign Affairs bình chọn.</p><p><img src=\"https://bizweb.dktcdn.net/100/363/455/files/pha-n-2-ca-y-cam-ngo-t-cu-a-to-i-1.png?v=1716797741947\"></p><p><strong>Chris Miller</strong>, tác giả của&nbsp;<i><strong>“Cuộc chiến vi mạch”,</strong></i> có bằng tiến sĩ và thạc sĩ tại Đại học Yale, bằng cử nhân lịch sử tại Đại học Harvard. Ông hiện là phó giáo sư chuyên ngành Lịch sử quốc tế tại Trường Luật và Ngoại giao Fletcher thuộc Đại học Tuffs; giảng viên thỉnh giảng Jeane Kirkpatrick tại Viện Doanh nghiệp Mỹ.</p><p>Ông từng là phó giám đốc Chương trình Brady-Johnson về Chiến lược lớn tại Đại học Yale; giảng viên trường New Economic School tại Moscow, học giả được mời nghiên cứu tại Trung tâm Moscow Carnegie, cộng tác viên nghiên cứu tại Viện Brookings, thành viên Học viện Transatlantic của Quỹ German Marshall.</p><p><img src=\"https://bizweb.dktcdn.net/100/363/455/files/pha-n-2-ca-y-cam-ngo-t-cu-a-to-i-2.png?v=1716798478092\"></p><p>Nhân dịp ra mắt cuốn sách, Nhã Nam trân trọng mời các bạn tới tham dự sự kiện <i><strong>“VẼ LẠI BẢN ĐỒ BÁN DẪN TOÀN CẦU: VIỆT NAM Ở ĐÂU?”</strong></i><strong>.</strong></p><p>Không chỉ tập trung vào cuộc cạnh tranh kéo dài hàng thập niên giữa các cường quốc để kiểm soát công nghệ vi mạch, sự kiện còn thảo luận về các xu thế công nghệ lớn có thể ảnh hưởng với Việt Nam.</p><p>__</p><p>THÔNG TIN SỰ KIỆN</p><p><strong>Thời gian</strong>: 09h00 Chủ nhật, ngày 02 tháng 06 năm 2024.</p><p><strong>Địa điểm</strong>: The Wiselands Coffee, 17 Hạ Hồi, Hoàn Kiếm, Hà Nội.</p><p><strong>Với sự tham gia của các vị khách mời:</strong></p><p>- Ông Phùng Việt Thắng - Giám đốc Intel Việt Nam;</p><p>- Ông Nguyễn Việt Hải - Giám đốc công nghệ Công ty SNS (Sirius Network Solution);</p><p>- Ông Phạm Sỹ Thành - Giám đốc Trung tâm nghiên cứu Kinh tế và Chiến lược Trung Quốc (CESS).</p><p>Để ban tổ chức sắp xếp được chu đáo, mời các anh, chị, các bạn đăng ký tham dự sự kiện tại&nbsp;<a href=\"https://forms.gle/xfpVyD1Zkp38MZEY8\"><strong>đây</strong></a>.</p>','http://res.cloudinary.com/duylinhmedia/image/upload/v1720736487/19dbf5a2-0bf3-40ce-ad56-942006382b96.jpg','Chip War - Cuộc chiến vi mạch',2,'Sự kiện ra mắt cuốn sách “Chip War - Cuộc chiến vi mạch”: Vẽ lại bản đồ bán dẫn toàn cầu: Việt Nam ở đâu?'),(13,_binary '','2024-07-12 05:21:24.229000',NULL,_binary '\0',NULL,NULL,'<h2>Sự kiện ra mắt cuốn sách “Chip War - Cuộc chiến vi mạch”: Vẽ lại bản đồ bán dẫn toàn cầu: Việt Nam ở đâu?</h2><p>Thứ Hai, 27/05/2024</p><p><i>Nhân dịp ra mắt cuốn sách&nbsp;“Chip War - Cuộc chiến vi mạch” của tác giả Chris Miller,&nbsp;Nhã Nam trân trọng mời các anh chị và các bạn đến tham dự sự kiện: “Vẽ lại bản đồ bán dẫn toàn cầu: Việt Nam ở đâu?”.</i></p><p><img src=\"https://bizweb.dktcdn.net/100/363/455/files/pha-n-2-ca-y-cam-ngo-t-cu-a-to-i.png?v=1716797492789\"></p><p>Cuộc cạnh tranh giữa các siêu cường hiện nay diễn ra mạnh trong lĩnh vực công nghệ, trong đó nổi bật nhất là cạnh tranh về vi mạch hay còn gọi là chất bán dẫn, thay vì tài nguyên thô.</p><p>Về chủ đề này, vừa qua Nhã Nam đã phát hành cuốn sách <i><strong>“Chip War - Cuộc chiến vi mạch”</strong></i> của tác giả Chris Miller. <i><strong>“Cuộc chiến vi mạch”</strong></i> đã giành giải thưởng Sách Kinh doanh của năm của Financial Times, giải Arthur Ross Book của Hội đồng Quan hệ Đối ngoại Mỹ (CFR) và lọt vào danh sách những cuốn sách hay nhất năm do tạp chí The Economist và tạp chí Foreign Affairs bình chọn.</p><p><img src=\"https://bizweb.dktcdn.net/100/363/455/files/pha-n-2-ca-y-cam-ngo-t-cu-a-to-i-1.png?v=1716797741947\"></p><p><strong>Chris Miller</strong>, tác giả của&nbsp;<i><strong>“Cuộc chiến vi mạch”,</strong></i> có bằng tiến sĩ và thạc sĩ tại Đại học Yale, bằng cử nhân lịch sử tại Đại học Harvard. Ông hiện là phó giáo sư chuyên ngành Lịch sử quốc tế tại Trường Luật và Ngoại giao Fletcher thuộc Đại học Tuffs; giảng viên thỉnh giảng Jeane Kirkpatrick tại Viện Doanh nghiệp Mỹ.</p><p>Ông từng là phó giám đốc Chương trình Brady-Johnson về Chiến lược lớn tại Đại học Yale; giảng viên trường New Economic School tại Moscow, học giả được mời nghiên cứu tại Trung tâm Moscow Carnegie, cộng tác viên nghiên cứu tại Viện Brookings, thành viên Học viện Transatlantic của Quỹ German Marshall.</p><p><img src=\"https://bizweb.dktcdn.net/100/363/455/files/pha-n-2-ca-y-cam-ngo-t-cu-a-to-i-2.png?v=1716798478092\"></p><p>Nhân dịp ra mắt cuốn sách, Nhã Nam trân trọng mời các bạn tới tham dự sự kiện <i><strong>“VẼ LẠI BẢN ĐỒ BÁN DẪN TOÀN CẦU: VIỆT NAM Ở ĐÂU?”</strong></i><strong>.</strong></p><p>Không chỉ tập trung vào cuộc cạnh tranh kéo dài hàng thập niên giữa các cường quốc để kiểm soát công nghệ vi mạch, sự kiện còn thảo luận về các xu thế công nghệ lớn có thể ảnh hưởng với Việt Nam.</p><p>__</p><p>THÔNG TIN SỰ KIỆN</p><p><strong>Thời gian</strong>: 09h00 Chủ nhật, ngày 02 tháng 06 năm 2024.</p><p><strong>Địa điểm</strong>: The Wiselands Coffee, 17 Hạ Hồi, Hoàn Kiếm, Hà Nội.</p><p><strong>Với sự tham gia của các vị khách mời:</strong></p><p>- Ông Phùng Việt Thắng - Giám đốc Intel Việt Nam;</p><p>- Ông Nguyễn Việt Hải - Giám đốc công nghệ Công ty SNS (Sirius Network Solution);</p><p>- Ông Phạm Sỹ Thành - Giám đốc Trung tâm nghiên cứu Kinh tế và Chiến lược Trung Quốc (CESS).</p><p>Để ban tổ chức sắp xếp được chu đáo, mời các anh, chị, các bạn đăng ký tham dự sự kiện tại&nbsp;<a href=\"https://forms.gle/xfpVyD1Zkp38MZEY8\"><strong>đây</strong></a>.</p>','http://res.cloudinary.com/duylinhmedia/image/upload/v1720736487/19dbf5a2-0bf3-40ce-ad56-942006382b96.jpg','Chip War - Cuộc chiến vi mạch',2,'Sự kiện ra mắt cuốn sách “Chip War - Cuộc chiến vi mạch”: Vẽ lại bản đồ bán dẫn toàn cầu: Việt Nam ở đâu?'),(14,_binary '','2024-07-12 05:21:24.229000',NULL,_binary '\0',NULL,NULL,'<h2>Sự kiện ra mắt cuốn sách “Chip War - Cuộc chiến vi mạch”: Vẽ lại bản đồ bán dẫn toàn cầu: Việt Nam ở đâu?</h2><p>Thứ Hai, 27/05/2024</p><p><i>Nhân dịp ra mắt cuốn sách&nbsp;“Chip War - Cuộc chiến vi mạch” của tác giả Chris Miller,&nbsp;Nhã Nam trân trọng mời các anh chị và các bạn đến tham dự sự kiện: “Vẽ lại bản đồ bán dẫn toàn cầu: Việt Nam ở đâu?”.</i></p><p><img src=\"https://bizweb.dktcdn.net/100/363/455/files/pha-n-2-ca-y-cam-ngo-t-cu-a-to-i.png?v=1716797492789\"></p><p>Cuộc cạnh tranh giữa các siêu cường hiện nay diễn ra mạnh trong lĩnh vực công nghệ, trong đó nổi bật nhất là cạnh tranh về vi mạch hay còn gọi là chất bán dẫn, thay vì tài nguyên thô.</p><p>Về chủ đề này, vừa qua Nhã Nam đã phát hành cuốn sách <i><strong>“Chip War - Cuộc chiến vi mạch”</strong></i> của tác giả Chris Miller. <i><strong>“Cuộc chiến vi mạch”</strong></i> đã giành giải thưởng Sách Kinh doanh của năm của Financial Times, giải Arthur Ross Book của Hội đồng Quan hệ Đối ngoại Mỹ (CFR) và lọt vào danh sách những cuốn sách hay nhất năm do tạp chí The Economist và tạp chí Foreign Affairs bình chọn.</p><p><img src=\"https://bizweb.dktcdn.net/100/363/455/files/pha-n-2-ca-y-cam-ngo-t-cu-a-to-i-1.png?v=1716797741947\"></p><p><strong>Chris Miller</strong>, tác giả của&nbsp;<i><strong>“Cuộc chiến vi mạch”,</strong></i> có bằng tiến sĩ và thạc sĩ tại Đại học Yale, bằng cử nhân lịch sử tại Đại học Harvard. Ông hiện là phó giáo sư chuyên ngành Lịch sử quốc tế tại Trường Luật và Ngoại giao Fletcher thuộc Đại học Tuffs; giảng viên thỉnh giảng Jeane Kirkpatrick tại Viện Doanh nghiệp Mỹ.</p><p>Ông từng là phó giám đốc Chương trình Brady-Johnson về Chiến lược lớn tại Đại học Yale; giảng viên trường New Economic School tại Moscow, học giả được mời nghiên cứu tại Trung tâm Moscow Carnegie, cộng tác viên nghiên cứu tại Viện Brookings, thành viên Học viện Transatlantic của Quỹ German Marshall.</p><p><img src=\"https://bizweb.dktcdn.net/100/363/455/files/pha-n-2-ca-y-cam-ngo-t-cu-a-to-i-2.png?v=1716798478092\"></p><p>Nhân dịp ra mắt cuốn sách, Nhã Nam trân trọng mời các bạn tới tham dự sự kiện <i><strong>“VẼ LẠI BẢN ĐỒ BÁN DẪN TOÀN CẦU: VIỆT NAM Ở ĐÂU?”</strong></i><strong>.</strong></p><p>Không chỉ tập trung vào cuộc cạnh tranh kéo dài hàng thập niên giữa các cường quốc để kiểm soát công nghệ vi mạch, sự kiện còn thảo luận về các xu thế công nghệ lớn có thể ảnh hưởng với Việt Nam.</p><p>__</p><p>THÔNG TIN SỰ KIỆN</p><p><strong>Thời gian</strong>: 09h00 Chủ nhật, ngày 02 tháng 06 năm 2024.</p><p><strong>Địa điểm</strong>: The Wiselands Coffee, 17 Hạ Hồi, Hoàn Kiếm, Hà Nội.</p><p><strong>Với sự tham gia của các vị khách mời:</strong></p><p>- Ông Phùng Việt Thắng - Giám đốc Intel Việt Nam;</p><p>- Ông Nguyễn Việt Hải - Giám đốc công nghệ Công ty SNS (Sirius Network Solution);</p><p>- Ông Phạm Sỹ Thành - Giám đốc Trung tâm nghiên cứu Kinh tế và Chiến lược Trung Quốc (CESS).</p><p>Để ban tổ chức sắp xếp được chu đáo, mời các anh, chị, các bạn đăng ký tham dự sự kiện tại&nbsp;<a href=\"https://forms.gle/xfpVyD1Zkp38MZEY8\"><strong>đây</strong></a>.</p>','http://res.cloudinary.com/duylinhmedia/image/upload/v1720736487/19dbf5a2-0bf3-40ce-ad56-942006382b96.jpg','Chip War - Cuộc chiến vi mạch',2,'Sự kiện ra mắt cuốn sách “Chip War - Cuộc chiến vi mạch”: Vẽ lại bản đồ bán dẫn toàn cầu: Việt Nam ở đâu?'),(15,_binary '','2024-07-12 05:21:24.229000',NULL,_binary '\0',NULL,NULL,'<h2>Sự kiện ra mắt cuốn sách “Chip War - Cuộc chiến vi mạch”: Vẽ lại bản đồ bán dẫn toàn cầu: Việt Nam ở đâu?</h2><p>Thứ Hai, 27/05/2024</p><p><i>Nhân dịp ra mắt cuốn sách&nbsp;“Chip War - Cuộc chiến vi mạch” của tác giả Chris Miller,&nbsp;Nhã Nam trân trọng mời các anh chị và các bạn đến tham dự sự kiện: “Vẽ lại bản đồ bán dẫn toàn cầu: Việt Nam ở đâu?”.</i></p><p><img src=\"https://bizweb.dktcdn.net/100/363/455/files/pha-n-2-ca-y-cam-ngo-t-cu-a-to-i.png?v=1716797492789\"></p><p>Cuộc cạnh tranh giữa các siêu cường hiện nay diễn ra mạnh trong lĩnh vực công nghệ, trong đó nổi bật nhất là cạnh tranh về vi mạch hay còn gọi là chất bán dẫn, thay vì tài nguyên thô.</p><p>Về chủ đề này, vừa qua Nhã Nam đã phát hành cuốn sách <i><strong>“Chip War - Cuộc chiến vi mạch”</strong></i> của tác giả Chris Miller. <i><strong>“Cuộc chiến vi mạch”</strong></i> đã giành giải thưởng Sách Kinh doanh của năm của Financial Times, giải Arthur Ross Book của Hội đồng Quan hệ Đối ngoại Mỹ (CFR) và lọt vào danh sách những cuốn sách hay nhất năm do tạp chí The Economist và tạp chí Foreign Affairs bình chọn.</p><p><img src=\"https://bizweb.dktcdn.net/100/363/455/files/pha-n-2-ca-y-cam-ngo-t-cu-a-to-i-1.png?v=1716797741947\"></p><p><strong>Chris Miller</strong>, tác giả của&nbsp;<i><strong>“Cuộc chiến vi mạch”,</strong></i> có bằng tiến sĩ và thạc sĩ tại Đại học Yale, bằng cử nhân lịch sử tại Đại học Harvard. Ông hiện là phó giáo sư chuyên ngành Lịch sử quốc tế tại Trường Luật và Ngoại giao Fletcher thuộc Đại học Tuffs; giảng viên thỉnh giảng Jeane Kirkpatrick tại Viện Doanh nghiệp Mỹ.</p><p>Ông từng là phó giám đốc Chương trình Brady-Johnson về Chiến lược lớn tại Đại học Yale; giảng viên trường New Economic School tại Moscow, học giả được mời nghiên cứu tại Trung tâm Moscow Carnegie, cộng tác viên nghiên cứu tại Viện Brookings, thành viên Học viện Transatlantic của Quỹ German Marshall.</p><p><img src=\"https://bizweb.dktcdn.net/100/363/455/files/pha-n-2-ca-y-cam-ngo-t-cu-a-to-i-2.png?v=1716798478092\"></p><p>Nhân dịp ra mắt cuốn sách, Nhã Nam trân trọng mời các bạn tới tham dự sự kiện <i><strong>“VẼ LẠI BẢN ĐỒ BÁN DẪN TOÀN CẦU: VIỆT NAM Ở ĐÂU?”</strong></i><strong>.</strong></p><p>Không chỉ tập trung vào cuộc cạnh tranh kéo dài hàng thập niên giữa các cường quốc để kiểm soát công nghệ vi mạch, sự kiện còn thảo luận về các xu thế công nghệ lớn có thể ảnh hưởng với Việt Nam.</p><p>__</p><p>THÔNG TIN SỰ KIỆN</p><p><strong>Thời gian</strong>: 09h00 Chủ nhật, ngày 02 tháng 06 năm 2024.</p><p><strong>Địa điểm</strong>: The Wiselands Coffee, 17 Hạ Hồi, Hoàn Kiếm, Hà Nội.</p><p><strong>Với sự tham gia của các vị khách mời:</strong></p><p>- Ông Phùng Việt Thắng - Giám đốc Intel Việt Nam;</p><p>- Ông Nguyễn Việt Hải - Giám đốc công nghệ Công ty SNS (Sirius Network Solution);</p><p>- Ông Phạm Sỹ Thành - Giám đốc Trung tâm nghiên cứu Kinh tế và Chiến lược Trung Quốc (CESS).</p><p>Để ban tổ chức sắp xếp được chu đáo, mời các anh, chị, các bạn đăng ký tham dự sự kiện tại&nbsp;<a href=\"https://forms.gle/xfpVyD1Zkp38MZEY8\"><strong>đây</strong></a>.</p>','http://res.cloudinary.com/duylinhmedia/image/upload/v1720736487/19dbf5a2-0bf3-40ce-ad56-942006382b96.jpg','Chip War - Cuộc chiến vi mạch',2,'Sự kiện ra mắt cuốn sách “Chip War - Cuộc chiến vi mạch”: Vẽ lại bản đồ bán dẫn toàn cầu: Việt Nam ở đâu?'),(16,_binary '','2024-07-12 05:21:24.229000',NULL,_binary '\0',NULL,NULL,'<h2>Sự kiện ra mắt cuốn sách “Chip War - Cuộc chiến vi mạch”: Vẽ lại bản đồ bán dẫn toàn cầu: Việt Nam ở đâu?</h2><p>Thứ Hai, 27/05/2024</p><p><i>Nhân dịp ra mắt cuốn sách&nbsp;“Chip War - Cuộc chiến vi mạch” của tác giả Chris Miller,&nbsp;Nhã Nam trân trọng mời các anh chị và các bạn đến tham dự sự kiện: “Vẽ lại bản đồ bán dẫn toàn cầu: Việt Nam ở đâu?”.</i></p><p><img src=\"https://bizweb.dktcdn.net/100/363/455/files/pha-n-2-ca-y-cam-ngo-t-cu-a-to-i.png?v=1716797492789\"></p><p>Cuộc cạnh tranh giữa các siêu cường hiện nay diễn ra mạnh trong lĩnh vực công nghệ, trong đó nổi bật nhất là cạnh tranh về vi mạch hay còn gọi là chất bán dẫn, thay vì tài nguyên thô.</p><p>Về chủ đề này, vừa qua Nhã Nam đã phát hành cuốn sách <i><strong>“Chip War - Cuộc chiến vi mạch”</strong></i> của tác giả Chris Miller. <i><strong>“Cuộc chiến vi mạch”</strong></i> đã giành giải thưởng Sách Kinh doanh của năm của Financial Times, giải Arthur Ross Book của Hội đồng Quan hệ Đối ngoại Mỹ (CFR) và lọt vào danh sách những cuốn sách hay nhất năm do tạp chí The Economist và tạp chí Foreign Affairs bình chọn.</p><p><img src=\"https://bizweb.dktcdn.net/100/363/455/files/pha-n-2-ca-y-cam-ngo-t-cu-a-to-i-1.png?v=1716797741947\"></p><p><strong>Chris Miller</strong>, tác giả của&nbsp;<i><strong>“Cuộc chiến vi mạch”,</strong></i> có bằng tiến sĩ và thạc sĩ tại Đại học Yale, bằng cử nhân lịch sử tại Đại học Harvard. Ông hiện là phó giáo sư chuyên ngành Lịch sử quốc tế tại Trường Luật và Ngoại giao Fletcher thuộc Đại học Tuffs; giảng viên thỉnh giảng Jeane Kirkpatrick tại Viện Doanh nghiệp Mỹ.</p><p>Ông từng là phó giám đốc Chương trình Brady-Johnson về Chiến lược lớn tại Đại học Yale; giảng viên trường New Economic School tại Moscow, học giả được mời nghiên cứu tại Trung tâm Moscow Carnegie, cộng tác viên nghiên cứu tại Viện Brookings, thành viên Học viện Transatlantic của Quỹ German Marshall.</p><p><img src=\"https://bizweb.dktcdn.net/100/363/455/files/pha-n-2-ca-y-cam-ngo-t-cu-a-to-i-2.png?v=1716798478092\"></p><p>Nhân dịp ra mắt cuốn sách, Nhã Nam trân trọng mời các bạn tới tham dự sự kiện <i><strong>“VẼ LẠI BẢN ĐỒ BÁN DẪN TOÀN CẦU: VIỆT NAM Ở ĐÂU?”</strong></i><strong>.</strong></p><p>Không chỉ tập trung vào cuộc cạnh tranh kéo dài hàng thập niên giữa các cường quốc để kiểm soát công nghệ vi mạch, sự kiện còn thảo luận về các xu thế công nghệ lớn có thể ảnh hưởng với Việt Nam.</p><p>__</p><p>THÔNG TIN SỰ KIỆN</p><p><strong>Thời gian</strong>: 09h00 Chủ nhật, ngày 02 tháng 06 năm 2024.</p><p><strong>Địa điểm</strong>: The Wiselands Coffee, 17 Hạ Hồi, Hoàn Kiếm, Hà Nội.</p><p><strong>Với sự tham gia của các vị khách mời:</strong></p><p>- Ông Phùng Việt Thắng - Giám đốc Intel Việt Nam;</p><p>- Ông Nguyễn Việt Hải - Giám đốc công nghệ Công ty SNS (Sirius Network Solution);</p><p>- Ông Phạm Sỹ Thành - Giám đốc Trung tâm nghiên cứu Kinh tế và Chiến lược Trung Quốc (CESS).</p><p>Để ban tổ chức sắp xếp được chu đáo, mời các anh, chị, các bạn đăng ký tham dự sự kiện tại&nbsp;<a href=\"https://forms.gle/xfpVyD1Zkp38MZEY8\"><strong>đây</strong></a>.</p>','http://res.cloudinary.com/duylinhmedia/image/upload/v1720736487/19dbf5a2-0bf3-40ce-ad56-942006382b96.jpg','Chip War - Cuộc chiến vi mạch',2,'Sự kiện ra mắt cuốn sách “Chip War - Cuộc chiến vi mạch”: Vẽ lại bản đồ bán dẫn toàn cầu: Việt Nam ở đâu?'),(17,_binary '','2024-07-12 05:21:24.229000',NULL,_binary '\0',NULL,NULL,'<h2>Sự kiện ra mắt cuốn sách “Chip War - Cuộc chiến vi mạch”: Vẽ lại bản đồ bán dẫn toàn cầu: Việt Nam ở đâu?</h2><p>Thứ Hai, 27/05/2024</p><p><i>Nhân dịp ra mắt cuốn sách&nbsp;“Chip War - Cuộc chiến vi mạch” của tác giả Chris Miller,&nbsp;Nhã Nam trân trọng mời các anh chị và các bạn đến tham dự sự kiện: “Vẽ lại bản đồ bán dẫn toàn cầu: Việt Nam ở đâu?”.</i></p><p><img src=\"https://bizweb.dktcdn.net/100/363/455/files/pha-n-2-ca-y-cam-ngo-t-cu-a-to-i.png?v=1716797492789\"></p><p>Cuộc cạnh tranh giữa các siêu cường hiện nay diễn ra mạnh trong lĩnh vực công nghệ, trong đó nổi bật nhất là cạnh tranh về vi mạch hay còn gọi là chất bán dẫn, thay vì tài nguyên thô.</p><p>Về chủ đề này, vừa qua Nhã Nam đã phát hành cuốn sách <i><strong>“Chip War - Cuộc chiến vi mạch”</strong></i> của tác giả Chris Miller. <i><strong>“Cuộc chiến vi mạch”</strong></i> đã giành giải thưởng Sách Kinh doanh của năm của Financial Times, giải Arthur Ross Book của Hội đồng Quan hệ Đối ngoại Mỹ (CFR) và lọt vào danh sách những cuốn sách hay nhất năm do tạp chí The Economist và tạp chí Foreign Affairs bình chọn.</p><p><img src=\"https://bizweb.dktcdn.net/100/363/455/files/pha-n-2-ca-y-cam-ngo-t-cu-a-to-i-1.png?v=1716797741947\"></p><p><strong>Chris Miller</strong>, tác giả của&nbsp;<i><strong>“Cuộc chiến vi mạch”,</strong></i> có bằng tiến sĩ và thạc sĩ tại Đại học Yale, bằng cử nhân lịch sử tại Đại học Harvard. Ông hiện là phó giáo sư chuyên ngành Lịch sử quốc tế tại Trường Luật và Ngoại giao Fletcher thuộc Đại học Tuffs; giảng viên thỉnh giảng Jeane Kirkpatrick tại Viện Doanh nghiệp Mỹ.</p><p>Ông từng là phó giám đốc Chương trình Brady-Johnson về Chiến lược lớn tại Đại học Yale; giảng viên trường New Economic School tại Moscow, học giả được mời nghiên cứu tại Trung tâm Moscow Carnegie, cộng tác viên nghiên cứu tại Viện Brookings, thành viên Học viện Transatlantic của Quỹ German Marshall.</p><p><img src=\"https://bizweb.dktcdn.net/100/363/455/files/pha-n-2-ca-y-cam-ngo-t-cu-a-to-i-2.png?v=1716798478092\"></p><p>Nhân dịp ra mắt cuốn sách, Nhã Nam trân trọng mời các bạn tới tham dự sự kiện <i><strong>“VẼ LẠI BẢN ĐỒ BÁN DẪN TOÀN CẦU: VIỆT NAM Ở ĐÂU?”</strong></i><strong>.</strong></p><p>Không chỉ tập trung vào cuộc cạnh tranh kéo dài hàng thập niên giữa các cường quốc để kiểm soát công nghệ vi mạch, sự kiện còn thảo luận về các xu thế công nghệ lớn có thể ảnh hưởng với Việt Nam.</p><p>__</p><p>THÔNG TIN SỰ KIỆN</p><p><strong>Thời gian</strong>: 09h00 Chủ nhật, ngày 02 tháng 06 năm 2024.</p><p><strong>Địa điểm</strong>: The Wiselands Coffee, 17 Hạ Hồi, Hoàn Kiếm, Hà Nội.</p><p><strong>Với sự tham gia của các vị khách mời:</strong></p><p>- Ông Phùng Việt Thắng - Giám đốc Intel Việt Nam;</p><p>- Ông Nguyễn Việt Hải - Giám đốc công nghệ Công ty SNS (Sirius Network Solution);</p><p>- Ông Phạm Sỹ Thành - Giám đốc Trung tâm nghiên cứu Kinh tế và Chiến lược Trung Quốc (CESS).</p><p>Để ban tổ chức sắp xếp được chu đáo, mời các anh, chị, các bạn đăng ký tham dự sự kiện tại&nbsp;<a href=\"https://forms.gle/xfpVyD1Zkp38MZEY8\"><strong>đây</strong></a>.</p>','http://res.cloudinary.com/duylinhmedia/image/upload/v1720736487/19dbf5a2-0bf3-40ce-ad56-942006382b96.jpg','Chip War - Cuộc chiến vi mạch',2,'Sự kiện ra mắt cuốn sách “Chip War - Cuộc chiến vi mạch”: Vẽ lại bản đồ bán dẫn toàn cầu: Việt Nam ở đâu?'),(18,_binary '','2024-07-12 05:21:24.229000',NULL,_binary '\0',NULL,NULL,'<h2>Sự kiện ra mắt cuốn sách “Chip War - Cuộc chiến vi mạch”: Vẽ lại bản đồ bán dẫn toàn cầu: Việt Nam ở đâu?</h2><p>Thứ Hai, 27/05/2024</p><p><i>Nhân dịp ra mắt cuốn sách&nbsp;“Chip War - Cuộc chiến vi mạch” của tác giả Chris Miller,&nbsp;Nhã Nam trân trọng mời các anh chị và các bạn đến tham dự sự kiện: “Vẽ lại bản đồ bán dẫn toàn cầu: Việt Nam ở đâu?”.</i></p><p><img src=\"https://bizweb.dktcdn.net/100/363/455/files/pha-n-2-ca-y-cam-ngo-t-cu-a-to-i.png?v=1716797492789\"></p><p>Cuộc cạnh tranh giữa các siêu cường hiện nay diễn ra mạnh trong lĩnh vực công nghệ, trong đó nổi bật nhất là cạnh tranh về vi mạch hay còn gọi là chất bán dẫn, thay vì tài nguyên thô.</p><p>Về chủ đề này, vừa qua Nhã Nam đã phát hành cuốn sách <i><strong>“Chip War - Cuộc chiến vi mạch”</strong></i> của tác giả Chris Miller. <i><strong>“Cuộc chiến vi mạch”</strong></i> đã giành giải thưởng Sách Kinh doanh của năm của Financial Times, giải Arthur Ross Book của Hội đồng Quan hệ Đối ngoại Mỹ (CFR) và lọt vào danh sách những cuốn sách hay nhất năm do tạp chí The Economist và tạp chí Foreign Affairs bình chọn.</p><p><img src=\"https://bizweb.dktcdn.net/100/363/455/files/pha-n-2-ca-y-cam-ngo-t-cu-a-to-i-1.png?v=1716797741947\"></p><p><strong>Chris Miller</strong>, tác giả của&nbsp;<i><strong>“Cuộc chiến vi mạch”,</strong></i> có bằng tiến sĩ và thạc sĩ tại Đại học Yale, bằng cử nhân lịch sử tại Đại học Harvard. Ông hiện là phó giáo sư chuyên ngành Lịch sử quốc tế tại Trường Luật và Ngoại giao Fletcher thuộc Đại học Tuffs; giảng viên thỉnh giảng Jeane Kirkpatrick tại Viện Doanh nghiệp Mỹ.</p><p>Ông từng là phó giám đốc Chương trình Brady-Johnson về Chiến lược lớn tại Đại học Yale; giảng viên trường New Economic School tại Moscow, học giả được mời nghiên cứu tại Trung tâm Moscow Carnegie, cộng tác viên nghiên cứu tại Viện Brookings, thành viên Học viện Transatlantic của Quỹ German Marshall.</p><p><img src=\"https://bizweb.dktcdn.net/100/363/455/files/pha-n-2-ca-y-cam-ngo-t-cu-a-to-i-2.png?v=1716798478092\"></p><p>Nhân dịp ra mắt cuốn sách, Nhã Nam trân trọng mời các bạn tới tham dự sự kiện <i><strong>“VẼ LẠI BẢN ĐỒ BÁN DẪN TOÀN CẦU: VIỆT NAM Ở ĐÂU?”</strong></i><strong>.</strong></p><p>Không chỉ tập trung vào cuộc cạnh tranh kéo dài hàng thập niên giữa các cường quốc để kiểm soát công nghệ vi mạch, sự kiện còn thảo luận về các xu thế công nghệ lớn có thể ảnh hưởng với Việt Nam.</p><p>__</p><p>THÔNG TIN SỰ KIỆN</p><p><strong>Thời gian</strong>: 09h00 Chủ nhật, ngày 02 tháng 06 năm 2024.</p><p><strong>Địa điểm</strong>: The Wiselands Coffee, 17 Hạ Hồi, Hoàn Kiếm, Hà Nội.</p><p><strong>Với sự tham gia của các vị khách mời:</strong></p><p>- Ông Phùng Việt Thắng - Giám đốc Intel Việt Nam;</p><p>- Ông Nguyễn Việt Hải - Giám đốc công nghệ Công ty SNS (Sirius Network Solution);</p><p>- Ông Phạm Sỹ Thành - Giám đốc Trung tâm nghiên cứu Kinh tế và Chiến lược Trung Quốc (CESS).</p><p>Để ban tổ chức sắp xếp được chu đáo, mời các anh, chị, các bạn đăng ký tham dự sự kiện tại&nbsp;<a href=\"https://forms.gle/xfpVyD1Zkp38MZEY8\"><strong>đây</strong></a>.</p>','http://res.cloudinary.com/duylinhmedia/image/upload/v1720736487/19dbf5a2-0bf3-40ce-ad56-942006382b96.jpg','Chip War - Cuộc chiến vi mạch',2,'Sự kiện ra mắt cuốn sách “Chip War - Cuộc chiến vi mạch”: Vẽ lại bản đồ bán dẫn toàn cầu: Việt Nam ở đâu?'),(19,_binary '','2024-07-12 05:21:24.229000',NULL,_binary '\0',NULL,NULL,'<h2>Sự kiện ra mắt cuốn sách “Chip War - Cuộc chiến vi mạch”: Vẽ lại bản đồ bán dẫn toàn cầu: Việt Nam ở đâu?</h2><p>Thứ Hai, 27/05/2024</p><p><i>Nhân dịp ra mắt cuốn sách&nbsp;“Chip War - Cuộc chiến vi mạch” của tác giả Chris Miller,&nbsp;Nhã Nam trân trọng mời các anh chị và các bạn đến tham dự sự kiện: “Vẽ lại bản đồ bán dẫn toàn cầu: Việt Nam ở đâu?”.</i></p><p><img src=\"https://bizweb.dktcdn.net/100/363/455/files/pha-n-2-ca-y-cam-ngo-t-cu-a-to-i.png?v=1716797492789\"></p><p>Cuộc cạnh tranh giữa các siêu cường hiện nay diễn ra mạnh trong lĩnh vực công nghệ, trong đó nổi bật nhất là cạnh tranh về vi mạch hay còn gọi là chất bán dẫn, thay vì tài nguyên thô.</p><p>Về chủ đề này, vừa qua Nhã Nam đã phát hành cuốn sách <i><strong>“Chip War - Cuộc chiến vi mạch”</strong></i> của tác giả Chris Miller. <i><strong>“Cuộc chiến vi mạch”</strong></i> đã giành giải thưởng Sách Kinh doanh của năm của Financial Times, giải Arthur Ross Book của Hội đồng Quan hệ Đối ngoại Mỹ (CFR) và lọt vào danh sách những cuốn sách hay nhất năm do tạp chí The Economist và tạp chí Foreign Affairs bình chọn.</p><p><img src=\"https://bizweb.dktcdn.net/100/363/455/files/pha-n-2-ca-y-cam-ngo-t-cu-a-to-i-1.png?v=1716797741947\"></p><p><strong>Chris Miller</strong>, tác giả của&nbsp;<i><strong>“Cuộc chiến vi mạch”,</strong></i> có bằng tiến sĩ và thạc sĩ tại Đại học Yale, bằng cử nhân lịch sử tại Đại học Harvard. Ông hiện là phó giáo sư chuyên ngành Lịch sử quốc tế tại Trường Luật và Ngoại giao Fletcher thuộc Đại học Tuffs; giảng viên thỉnh giảng Jeane Kirkpatrick tại Viện Doanh nghiệp Mỹ.</p><p>Ông từng là phó giám đốc Chương trình Brady-Johnson về Chiến lược lớn tại Đại học Yale; giảng viên trường New Economic School tại Moscow, học giả được mời nghiên cứu tại Trung tâm Moscow Carnegie, cộng tác viên nghiên cứu tại Viện Brookings, thành viên Học viện Transatlantic của Quỹ German Marshall.</p><p><img src=\"https://bizweb.dktcdn.net/100/363/455/files/pha-n-2-ca-y-cam-ngo-t-cu-a-to-i-2.png?v=1716798478092\"></p><p>Nhân dịp ra mắt cuốn sách, Nhã Nam trân trọng mời các bạn tới tham dự sự kiện <i><strong>“VẼ LẠI BẢN ĐỒ BÁN DẪN TOÀN CẦU: VIỆT NAM Ở ĐÂU?”</strong></i><strong>.</strong></p><p>Không chỉ tập trung vào cuộc cạnh tranh kéo dài hàng thập niên giữa các cường quốc để kiểm soát công nghệ vi mạch, sự kiện còn thảo luận về các xu thế công nghệ lớn có thể ảnh hưởng với Việt Nam.</p><p>__</p><p>THÔNG TIN SỰ KIỆN</p><p><strong>Thời gian</strong>: 09h00 Chủ nhật, ngày 02 tháng 06 năm 2024.</p><p><strong>Địa điểm</strong>: The Wiselands Coffee, 17 Hạ Hồi, Hoàn Kiếm, Hà Nội.</p><p><strong>Với sự tham gia của các vị khách mời:</strong></p><p>- Ông Phùng Việt Thắng - Giám đốc Intel Việt Nam;</p><p>- Ông Nguyễn Việt Hải - Giám đốc công nghệ Công ty SNS (Sirius Network Solution);</p><p>- Ông Phạm Sỹ Thành - Giám đốc Trung tâm nghiên cứu Kinh tế và Chiến lược Trung Quốc (CESS).</p><p>Để ban tổ chức sắp xếp được chu đáo, mời các anh, chị, các bạn đăng ký tham dự sự kiện tại&nbsp;<a href=\"https://forms.gle/xfpVyD1Zkp38MZEY8\"><strong>đây</strong></a>.</p>','http://res.cloudinary.com/duylinhmedia/image/upload/v1720736487/19dbf5a2-0bf3-40ce-ad56-942006382b96.jpg','Chip War - Cuộc chiến vi mạch',2,'Sự kiện ra mắt cuốn sách “Chip War - Cuộc chiến vi mạch”: Vẽ lại bản đồ bán dẫn toàn cầu: Việt Nam ở đâu?'),(20,_binary '','2024-07-12 05:21:24.229000',NULL,_binary '\0',NULL,NULL,'<h2>Sự kiện ra mắt cuốn sách “Chip War - Cuộc chiến vi mạch”: Vẽ lại bản đồ bán dẫn toàn cầu: Việt Nam ở đâu?</h2><p>Thứ Hai, 27/05/2024</p><p><i>Nhân dịp ra mắt cuốn sách&nbsp;“Chip War - Cuộc chiến vi mạch” của tác giả Chris Miller,&nbsp;Nhã Nam trân trọng mời các anh chị và các bạn đến tham dự sự kiện: “Vẽ lại bản đồ bán dẫn toàn cầu: Việt Nam ở đâu?”.</i></p><p><img src=\"https://bizweb.dktcdn.net/100/363/455/files/pha-n-2-ca-y-cam-ngo-t-cu-a-to-i.png?v=1716797492789\"></p><p>Cuộc cạnh tranh giữa các siêu cường hiện nay diễn ra mạnh trong lĩnh vực công nghệ, trong đó nổi bật nhất là cạnh tranh về vi mạch hay còn gọi là chất bán dẫn, thay vì tài nguyên thô.</p><p>Về chủ đề này, vừa qua Nhã Nam đã phát hành cuốn sách <i><strong>“Chip War - Cuộc chiến vi mạch”</strong></i> của tác giả Chris Miller. <i><strong>“Cuộc chiến vi mạch”</strong></i> đã giành giải thưởng Sách Kinh doanh của năm của Financial Times, giải Arthur Ross Book của Hội đồng Quan hệ Đối ngoại Mỹ (CFR) và lọt vào danh sách những cuốn sách hay nhất năm do tạp chí The Economist và tạp chí Foreign Affairs bình chọn.</p><p><img src=\"https://bizweb.dktcdn.net/100/363/455/files/pha-n-2-ca-y-cam-ngo-t-cu-a-to-i-1.png?v=1716797741947\"></p><p><strong>Chris Miller</strong>, tác giả của&nbsp;<i><strong>“Cuộc chiến vi mạch”,</strong></i> có bằng tiến sĩ và thạc sĩ tại Đại học Yale, bằng cử nhân lịch sử tại Đại học Harvard. Ông hiện là phó giáo sư chuyên ngành Lịch sử quốc tế tại Trường Luật và Ngoại giao Fletcher thuộc Đại học Tuffs; giảng viên thỉnh giảng Jeane Kirkpatrick tại Viện Doanh nghiệp Mỹ.</p><p>Ông từng là phó giám đốc Chương trình Brady-Johnson về Chiến lược lớn tại Đại học Yale; giảng viên trường New Economic School tại Moscow, học giả được mời nghiên cứu tại Trung tâm Moscow Carnegie, cộng tác viên nghiên cứu tại Viện Brookings, thành viên Học viện Transatlantic của Quỹ German Marshall.</p><p><img src=\"https://bizweb.dktcdn.net/100/363/455/files/pha-n-2-ca-y-cam-ngo-t-cu-a-to-i-2.png?v=1716798478092\"></p><p>Nhân dịp ra mắt cuốn sách, Nhã Nam trân trọng mời các bạn tới tham dự sự kiện <i><strong>“VẼ LẠI BẢN ĐỒ BÁN DẪN TOÀN CẦU: VIỆT NAM Ở ĐÂU?”</strong></i><strong>.</strong></p><p>Không chỉ tập trung vào cuộc cạnh tranh kéo dài hàng thập niên giữa các cường quốc để kiểm soát công nghệ vi mạch, sự kiện còn thảo luận về các xu thế công nghệ lớn có thể ảnh hưởng với Việt Nam.</p><p>__</p><p>THÔNG TIN SỰ KIỆN</p><p><strong>Thời gian</strong>: 09h00 Chủ nhật, ngày 02 tháng 06 năm 2024.</p><p><strong>Địa điểm</strong>: The Wiselands Coffee, 17 Hạ Hồi, Hoàn Kiếm, Hà Nội.</p><p><strong>Với sự tham gia của các vị khách mời:</strong></p><p>- Ông Phùng Việt Thắng - Giám đốc Intel Việt Nam;</p><p>- Ông Nguyễn Việt Hải - Giám đốc công nghệ Công ty SNS (Sirius Network Solution);</p><p>- Ông Phạm Sỹ Thành - Giám đốc Trung tâm nghiên cứu Kinh tế và Chiến lược Trung Quốc (CESS).</p><p>Để ban tổ chức sắp xếp được chu đáo, mời các anh, chị, các bạn đăng ký tham dự sự kiện tại&nbsp;<a href=\"https://forms.gle/xfpVyD1Zkp38MZEY8\"><strong>đây</strong></a>.</p>','http://res.cloudinary.com/duylinhmedia/image/upload/v1720736487/19dbf5a2-0bf3-40ce-ad56-942006382b96.jpg','Chip War - Cuộc chiến vi mạch',2,'Sự kiện ra mắt cuốn sách “Chip War - Cuộc chiến vi mạch”: Vẽ lại bản đồ bán dẫn toàn cầu: Việt Nam ở đâu?');
/*!40000 ALTER TABLE `blogs` ENABLE KEYS */;
UNLOCK TABLES;

--
-- Table structure for table `books`
--

DROP TABLE IF EXISTS `books`;
/*!40101 SET @saved_cs_client     = @@character_set_client */;
/*!50503 SET character_set_client = utf8mb4 */;
CREATE TABLE `books` (
  `id` bigint NOT NULL AUTO_INCREMENT,
  `author` varchar(255) DEFAULT NULL,
  `buy_count` int DEFAULT NULL,
  `cover_image` varchar(255) DEFAULT NULL,
  `created_at` datetime(6) DEFAULT NULL,
  `description` text NOT NULL,
  `number_of_pages` int DEFAULT NULL,
  `original_price` double DEFAULT NULL,
  `published_date` datetime(6) DEFAULT NULL,
  `publisher` varchar(255) DEFAULT NULL,
  `qty` int DEFAULT NULL,
  `sale_price` double DEFAULT NULL,
  `title` varchar(255) DEFAULT NULL,
  `updated_at` datetime(6) DEFAULT NULL,
  `category_id` bigint DEFAULT NULL,
  `total_revenue` double DEFAULT NULL,
  `active_flag` bit(1) DEFAULT NULL,
  `create_date` datetime(6) DEFAULT NULL,
  `created_by` varchar(255) DEFAULT NULL,
  `delete_flag` bit(1) DEFAULT NULL,
  `updated_by` varchar(255) DEFAULT NULL,
  PRIMARY KEY (`id`),
  KEY `FKleqa3hhc0uhfvurq6mil47xk0` (`category_id`),
  CONSTRAINT `FKleqa3hhc0uhfvurq6mil47xk0` FOREIGN KEY (`category_id`) REFERENCES `categories` (`id`)
) ENGINE=InnoDB AUTO_INCREMENT=67 DEFAULT CHARSET=utf8mb4 COLLATE=utf8mb4_0900_ai_ci;
/*!40101 SET character_set_client = @saved_cs_client */;

--
-- Dumping data for table `books`
--

LOCK TABLES `books` WRITE;
/*!40000 ALTER TABLE `books` DISABLE KEYS */;
INSERT INTO `books` VALUES (1,'Kaliane Bradley',3,'https://res.cloudinary.com/duylinhmedia/image/upload/v1719953339/1_ydlxzu.jpg','2024-05-30 06:03:04.000000','NEW YORK TIMES BESTSELLER\nA GOOD MORNING AMERICA BOOK CLUB PICK\n\n“This summer’s hottest debut.” —Cosmopolitan • “Witty, sexy escapist fiction [that] packs a substantial punch...It’s a smart, gripping work that’s also a feast for the senses...Fresh and thrilling.” —Los Angeles Times • “Electric...I loved every second.” —Emily Henry\n\n“Utterly winning...Imagine if The Time Traveler’s Wife had an affair with A Gentleman in Moscow...Readers, I envy you: There’s a smart, witty novel in your future.” —Ron Charles, The Washington Post\n\nA time travel romance, a spy thriller, a workplace comedy, and an ingenious exploration of the nature of power and the potential for love to change it all: Welcome to The Ministry of Time, the exhilarating debut novel by Kaliane Bradley.\n\nIn the near future, a civil servant is offered the salary of her dreams and is, shortly afterward, told what project she’ll be working on. A recently established government ministry is gathering “expats” from across history to establish whether time travel is feasible—for the body, but also for the fabric of space-time.\n\nShe is tasked with working as a “bridge”: living with, assisting, and monitoring the expat known as “1847” or Commander Graham Gore. As far as history is concerned, Commander Gore died on Sir John Franklin’s doomed 1845 expedition to the Arctic, so he’s a little disoriented to be living with an unmarried woman who regularly shows her calves, surrounded by outlandish concepts such as “washing machines,” “Spotify,” and “the collapse of the British Empire.” But with an appetite for discovery, a seven-a-day cigarette habit, and the support of a charming and chaotic cast of fellow expats, he soon adjusts.\n\nOver the next year, what the bridge initially thought would be, at best, a horrifically uncomfortable roommate dynamic, evolves into something much deeper. By the time the true shape of the Ministry’s project comes to light, the bridge has fallen haphazardly, fervently in love, with consequences she never could have imagined. Forced to confront the choices that brought them together, the bridge must finally reckon with how—and whether she believes—what she does next can change the future.\n\nAn exquisitely original and feverishly fun fusion of genres and ideas, The Ministry of Time asks: What does it mean to defy history, when history is living in your house? Kaliane Bradley’s answer is a blazing, unforgettable testament to what we owe each other in a changing world.',200,100000,'2024-05-30 06:03:22.000000','NXB Kim Dong',100,100000,'The Ministry of Time','2024-06-08 21:52:36.652000',1,300000,NULL,NULL,NULL,NULL,NULL),(2,'John Marrs',11,'https://res.cloudinary.com/duylinhmedia/image/upload/v1719953339/2_vzvptc.jpg','2024-05-30 06:03:04.000000','From the acclaimed author of The One and The Marriage Act, The Family Experiment is a dark and brilliant speculative thriller about families: real and virtual.\n\nSome families are virtually perfect…\n\nThe world\'s population is soaring, creating overcrowded cities and an economic crisis. And in the UK, the breaking point has arrived. A growing number of people can no longer afford to start families, let alone raise them.\n\nBut for those desperate to experience parenthood, there is an alternative. For a monthly subscription fee, clients can create a virtual child from scratch who they can access via the metaverse and a VR headset. To launch this new initiative, the company behind Virtual Children has created a reality TV show called The Substitute. It will follow ten couples as they raise a Virtual Child from birth to the age of eighteen but in a condensed nine-month time period. The prize: the right to keep their virtual child, or risk it all for the chance of a real baby…\n\nSet in the same universe as John Marrs\'s bestselling novel The One and The Marriage Act, The Family Experiment is a dark and twisted thriller about the ultimate Tamagotchi—a virtual baby.',200,300000,'2024-05-30 06:03:22.000000','NXB Kim Dong',94,300000,'The Family Experiment','2024-06-10 07:41:18.311000',1,3600000,NULL,NULL,NULL,NULL,NULL),(3,'Victor Manibo',4,'https://res.cloudinary.com/duylinhmedia/image/upload/v1719953340/3_di047r.jpg','2024-05-30 06:03:04.000000','Space Habitat Altaire is the premier luxury resort in low Earth orbit, playground of the privileged and the perfect location to host reunions for the Rochford Institute. Rochford boasts only the best: the wealthiest, most promising students with the most impressive pedigrees. Complete with space walks, these lavish reunions are a prime opportunity for alumni to jockey for power with old friends and rivals—and crucially, to advance their applications to live in an exclusive Mars settlement. Earth is dying, and only the best deserve to save themselves.\n\nAboard the Altaire for a 25th reunion, finance magnate Ava pursues the truth about her brother’s murder during their senior year. Laz, ambassador and political scion, hopes to finally win Ava’s heart. Sloane, collecting secrets to conceal his family’s decline, angles for a key client. And Henry, heir to a healthcare empire, creates an unorthodox opportunity to get to Mars in a last-ditch effort to outrun a childhood secret.\n\nWhile these erstwhile friends settle scores and rack up points, they fail to notice the other agendas developing at the Space Habitat Altaire. Their own futures aren’t the only ones at stake—“the best” will soon regret underestimating those they would leave behind on Earth.',200,250000,'2024-05-30 06:03:22.000000','NXB Kim Dong',100,250000,'Escape Velocity','2024-06-08 22:02:50.204000',1,1750000,NULL,NULL,NULL,NULL,NULL),(4,'Django Wexler\n',3,'https://res.cloudinary.com/duylinhmedia/image/upload/v1719953339/4_tqjfdf.jpg','2024-05-30 06:03:04.000000','Groundhog Day meets Guardians of the Galaxy in Django Wexler’s laugh-out-loud fantasy tale about a young woman who, tired of defending humanity from the Dark Lord, decides to become the Dark Lord herself.\n\nDavi has done this all before. She’s tried to be the hero and take down the all-powerful Dark Lord. A hundred times she’s rallied humanity and made the final charge. But the time loop always gets her in the end. Sometimes she’s killed quickly. Sometimes it takes a while. But she’s been defeated every time.\n\nThis time? She’s done being the hero and done being stuck in this endless time loop. If the Dark Lord always wins, then maybe that’s who she needs to be. It’s Davi’s turn to play on the winning side.\n\nBurningblade & Silvereye\nAshes of the Sun  \nBlood of the Chosen  \nEmperor of Ruin',200,450000,'2024-05-30 06:03:22.000000','NXB Kim Dong',99,450000,'Become a Dark Lord','2024-06-09 20:39:35.072000',1,1350000,NULL,NULL,NULL,NULL,NULL),(5,'Sara Wolf',5,'https://res.cloudinary.com/duylinhmedia/image/upload/v1719953339/5_awvxb9.jpg','2024-05-30 06:03:04.000000','Preorder now and receive the stunning DELUXE LIMITED EDITION while supplies last―featuring gorgeous sprayed edges with stenciled artwork, as well as exclusive endpapers and special design features. This breathtaking collectible is only available on a limited first print run, a must-have for any book lover while supplies last in the US and Canada only.\n\nBravery isn\'t what you do. It\'s what you endure.\n\nThe duke of the powerful House Hauteclare is the first to die. With my dagger in his back.\n\nHe didn’t see it coming. Didn’t anticipate the bastard daughter who was supposed to die with her mother—on his order. He should have left us with the rest of the Station’s starving, commoner rubbish.\n\nNow there’s nothing left. Just icy-white rage and a need to make House Hauteclare pay. Every damn one of them.\n\nEven if it means riding Heavenbreaker—one of the few enormous machines left over from the War—and jousting against the fiercest nobles in the system.\n\nEach win means another one of my enemies dies. And here, in the cold terror of space, the machine and I move as one, intent on destroying each adversary—even if it’s someone I care about. Even if it’s someone I’m falling for.\n\nOnly I’m not alone. Not anymore.\n\nBecause there’s something in the machine with me. Something horrifying. Something…more.\n\nAnd it won’t be stopped.',200,400000,'2024-05-30 06:03:22.000000','NXB Kim Dong',100,400000,'Heavenbreaker','2024-05-30 06:03:54.000000',1,2000000,NULL,NULL,NULL,NULL,NULL),(6,'Lindsay King-Miller',0,'https://res.cloudinary.com/duylinhmedia/image/upload/v1719953340/6_tdlq7i.jpg','2024-05-30 06:03:04.000000','“Sexy, scathing, delightful, and intimately devastating.”—Gretchen Felker-Martin, author of Manhunt and Cuckoo\n\nPacked with action, humor, sex, and big gay feelings, The Z Word is the queer Zombieland you didn’t know you needed.\n\nChaotic bisexual Wendy is trying to find her place in the queer community of San Lazaro, Arizona, after a bad breakup—which is particularly difficult because her ex is hooking up with some of her friends. And when the people around them start turning into violent, terrifying mindless husks, well, that makes things harder. Especially since the infection seems to be spreading.\n\nNow, Wendy and her friends and frenemies—drag queen Logan, silver fox Beau, sword lesbian Aurelia and her wife Sam, mysterious pizza delivery stoner Sunshine, and, oh yeah, Wendy’s ex-girlfriend Leah—have to team up to stay alive, save Pride, and track the zombie outbreak to its shocking source. Hopefully without killing each other first.\n\nThe Z Word is a propulsive, funny, emotional horror debut about a found family coming together to fight corporate greed, political corruption, gay drama, and zombies.',200,900000,'2024-05-30 06:03:22.000000','NXB Kim Dong',100,900000,'The Z Word','2024-06-04 18:32:59.004000',1,0,NULL,NULL,NULL,NULL,NULL),(7,'A.A. Vora',0,'https://res.cloudinary.com/duylinhmedia/image/upload/v1719953340/7_voctuh.jpg','2024-06-06 01:19:02.000000','Magnificent Beasts. Buried Gods. Unforgiving Magic. Epic Battles.\n\nPerfect for fans of Avatar: The Last Airbender and Naruto, this propulsive high fantasy debut features intricate world-building, and a scientific hard magic system inspired loosely by the law of karma.\n\nThe world is governed by Toranic Law, an ancient magical force that segregates people into upper and lower realms based on their morality. It’s said that if the sinful lowers commit themselves to kindness, their souls will lighten, allowing them into the blissful upper realms.\n\nBut Aina, one of the few lowers to ever ascend, just wants to go back. Desperate to reunite with her mother, who remains stuck in their horror-infested homeland, Aina joins the Balancers—a group that defies Toranic Law by bringing aid to those condemned to a life of suffering in the lower realms.\n\nAlongside Aina are two new recruits: Aranel, a spoiled noble spying for the upper authorities; and Meizan, a ruthless fighter trying to save his clan from extinction.\n\nBefore long, Aina, Aranel, and Meizan find themselves in the midst of a brewing war. On one side, a violent lower king is bent on destroying Toranic Law; on the other, the upper authorities will do anything to stay on top.\n\nThe trio must face both sides head-on if they want to stop a conflict that could break not only Toranic Law... but the universe itself.\n\n\"An exhilarating series opener.\" - Kirkus (Starred Review)',200,700000,'2024-05-30 06:03:22.000000','NXB Kim Dong',100,700000,'Spin of Fate','2024-05-30 06:03:54.000000',1,0,NULL,NULL,NULL,NULL,NULL),(8,'Erik J. Brown\n',0,'https://res.cloudinary.com/duylinhmedia/image/upload/v1719953340/8_xpilc6.jpg','2024-06-06 01:19:02.000000','THEY FOUND EACH OTHER. NOW THEY MUST RESCUE WHAT THEY LEFT BEHIND. The highly-anticipated sequel to the queer genre-bending dystopian romance All That\'s Left in the World.\n\nAgainst the backdrop of a ravaged world, Andrew and Jamie have settled in a new community, more in love than ever. Finally they\'ve reached safety and have each taken on roles and responsibilities in this new life. But it\'s soon clear they want different things:\n\nJamie is ready to move on and take to the road, just the two of them.\n\nAndrew wants to remain in the safety of numbers.\n\nWith a storm brewing up the coast they have no choice to head back into the wilderness where old enemies roam and they don\'t know who to trust. Can they find their way back to safety and each other?',200,600000,'2024-05-30 06:03:22.000000','NXB Kim Dong',100,600000,'The Only Light Left','2024-05-30 06:03:54.000000',1,0,NULL,NULL,NULL,NULL,NULL),(9,'Suyi Davies Okungbowa',0,'https://res.cloudinary.com/duylinhmedia/image/upload/v1719953341/9_jejgzr.jpg','2024-06-06 01:19:02.000000','The brutally engineered class divisions of Snowpiercer meets Rivers Solomon’s The Deep in this high-octane post-climate disaster novella written by Nommo Award-winning author Suyi Davies Okungbowa\n\nOff the coast of West Africa, decades after the dangerous rise of the Atlantic Ocean, the region’s survivors live inside five partially submerged, kilometers-high towers originally created as a playground for the wealthy. Now the towers’ most affluent rule from their lofty perch at the top while the rest are crammed into the dark, fetid floors below sea level.\n\nThere are also those who were left for dead in the Atlantic, only to be reawakened by an ancient power, and who seek vengeance on those who offered them up to the waves.\n\nThree lives within the towers are pulled to the fore of this Yekini, an earnest, mid-level rookie analyst; Tuoyo, an undersea mechanic mourning a tremendous loss; and Ngozi, an egotistical bureaucrat from the highest levels of governance. They will need to work together if there is to be any hope of a future that is worth living―for everyone.',200,800000,'2024-05-30 06:03:22.000000','NXB Kim Dong',100,800000,'Lost Ark Dreaming','2024-05-30 06:03:54.000000',1,0,NULL,NULL,NULL,NULL,NULL),(10,'Charlee Dyroff\n',0,'https://res.cloudinary.com/duylinhmedia/image/upload/v1719953340/10_gwakif.jpg','2024-06-06 01:19:02.000000','A timely, beautifully observed debut novel set in near future New York about a young woman who finds herself tangled in a secret government project combating loneliness.\n\nLee’s life is perfectly mapped out. A top student and professor favorite, everyone expects her to land one of the coveted roles at a Big Five corporation. So when, upon graduating, Lee finds herself at a company no one’s heard of in the dead city of New York instead, her goals are completely upended.\n\nIn this new role, Lee’s task is to gather research to train an AI how to be a friend. She begins online and by studying the social circle of her outgoing roommate Veronika. But when it’s revealed that the company is part of a classified mission to solve loneliness—an emotion erased from society’s lexicon decades ago— Lee\'s determination to prove herself kicks into overdrive and she starts chasing bolder experiences for the AI.\n\nHow far will Lee go? As loneliness continues to spread, she must decide what she’s willing to give up for success and, along the way, learn what it means to be a true friend.\n\nLoneliness & Company is an enchanting, gorgeously written novel about finding meaning and connection in a world beset by isolation.',200,750000,'2024-05-30 06:03:22.000000','NXB Kim Dong',100,750000,'Loneliness & Company','2024-05-30 06:03:54.000000',1,0,NULL,NULL,NULL,NULL,NULL),(11,'Hana Lee',0,'https://res.cloudinary.com/duylinhmedia/image/upload/v1719953339/11_i1iq0h.jpg','2024-06-06 01:19:02.000000','An electrifying, gritty fantasy from debut author Hana Lee that takes a royal messenger on a high-speed chase across a climate-ravaged wasteland, featuring motorcycles, monsters, and magic.\n\nJin-Lu has the most dangerous job in the wasteland. She’s a magebike courier, one of the few who venture outside the domed cities on motorcycles powered by magic. Every day, she braves the wasteland’s dangers—deadly storms, roving marauders, and territorial beasts—to deliver her wares.\n\nHer most valuable cargo? A prince’s love letters addressed to Yi-Nereen, a princess desperate to escape the clutches of her abusive family and soon-to-be husband. Jin, desperately in love with both her and the prince, can’t refuse Yi-Nereen’s plea for help. The two of them flee across the wastes, pursued by Yi-Nereen’s furious father, her scheming betrothed, and a bounty hunter with mysterious powers.\n\nA storm to end all storms is brewing and dark secrets about the heritability of magic are coming to light. Jin’s heart has led her into peril before, but this time she may not find her way back.',200,250000,'2024-05-30 06:03:22.000000','NXB Kim Dong',100,250000,'Road to Ruin','2024-05-30 06:03:54.000000',1,0,NULL,NULL,NULL,NULL,NULL),(12,'Myriam Lacroix',0,'https://res.cloudinary.com/duylinhmedia/image/upload/v1719953339/12_glzpki.jpg','2024-06-06 01:19:02.000000','“What an audacious, breathtaking, and inspiring debut. The power of this formally innovative and deeply funny book is that everything exists to serve the compassionate heart at its core. Myriam Lacroix’s work is a cause for celebration.” — George Saunders, #1 New York Times bestselling author of Lincoln in the Bardo and Liberation Day\n\nSurreal, darkly comic, and achingly tender, Myriam Lacroix’s exuberant debut How It Works Out sees a queer love story play out in many alternate realities.\n\nWhat if you had the chance to rewrite the course of your relationship, again and again, in the hopes that it would work out?\n\nHow It Works Out follows the arc of Myriam and Allison’s relationship by running the couple through a series of hypotheticals. What if they became mothers by finding a baby in an alley? What if the only cure for Myriam’s depression was Allison’s flesh? What if they were B-list celebrities, famous for writing a book about building healthy lesbian relationships? How much darker—or sexier—would their dynamic be if one were a power-hungry CEO, and the other her lowly employee? From the fantasies of early romance to the slow encroaching of violence that unravels the fantasy, each reality builds to complete a brilliant, painfully funny portrait of love’s many promises and perils.\n\nEqual parts sexy and profane, unsentimental, and gut-wrenching, How It Works Out is a formally inventive, arresting, uncanny exploration of queerness, love, and our drive for connection, in any and all possible worlds.',200,100000,'2024-05-30 06:03:22.000000','NXB Kim Dong',100,100000,'How It Works Out','2024-05-30 06:03:54.000000',1,0,NULL,NULL,NULL,NULL,NULL),(13,'Jack Campbell',0,'https://res.cloudinary.com/duylinhmedia/image/upload/v1719953339/13_rzoo9p.jpg','2024-06-06 01:19:02.000000','Lieutenant Selene Genji has one last chance to save the Earth from destruction in this pulse-pounding science fiction adventure, from the author of the New York Times bestselling Lost Fleet series.\n\nEarth, 2180\n\nGenetically engineered with partly alien DNA, Lieutenant Selene Genji is different from ordinary humans. And they hate her for it. Still, she’s spent her life trying to overcome society’s prejudice by serving in the Unified Fleet while Earth’s international order collapses into war.\n\nGenji is stationed on a ship in orbit when humanity’s factional extremism on the planet reaches a boiling point, and she witnesses the utter annihilation of Earth. When the massive forces unleashed by Earth’s death warp space and time to hurl her forty years into the past, Genji is given a chance to try to change the future and save Earth—starting with the alien first contact only she knows will soon occur.\n\nEarth, 2140\n\nLieutenant Kayl Owen’s ship is on a routine patrol when a piece of spacecraft wreckage appears out of nowhere. To his shock, there is a survivor on Selene Genji. Once her strange heritage is discovered, though, it becomes clear that Genji is a problem Earth Guard command wants to dispose of—quietly. After learning the horrifying truth, Owen helps her escape and joins her mission.\n\nTogether, they have a chance to change the fate of an Earth doomed to die in 2180. But altering history could put Genji’s very existence in danger, and Owen wonders if a world without her is one worth saving. . . .',200,300000,'2024-05-30 06:03:22.000000','NXB Kim Dong',100,300000,'In Our Stars','2024-05-30 06:03:54.000000',1,0,NULL,NULL,NULL,NULL,NULL),(14,'Andrea Hairston',0,'https://res.cloudinary.com/duylinhmedia/image/upload/v1719953340/14_bjzljb.jpg','2024-06-06 01:19:02.000000','Run from your past. Hide from your future. Protect your present.\n\nThe Water Wars have scrambled the world. Flood refugees are on the run. Disruptors and the nostalgia militia roam the roads wreaking havoc. Invisible Darknet Lords troll the internet solidifying their power, while Cinnamon her three Circus-Bots, and two dogs, work with a community of Farmers, Motor Fairies and Wheel-Wizards to provide housing, healthcare and education for flood refugees.\n\nSlipping into periodic despair, Cinnamon’s been hiding out. She’s ready to ditch the Next World Festival she runs―a sci-fi carnival jam featuring music, dance, masked revelers, drum circles and storytellers in a grassy amphitheatre on the farm she inherited. Her elders haunt her, insisting she do the Festival no matter what.\n\nAs she confronts threats from the Darknet Lords and the nostalgia militia, Cinnamon must determine how best to honor her elders and her history, while building a future for herself and her charges.\n\nIt’s not going to be easy.',200,250000,'2024-05-30 06:03:22.000000','NXB Kim Dong',100,250000,'Archangels of Funk','2024-05-30 06:03:54.000000',1,0,NULL,NULL,NULL,NULL,NULL),(15,'Jacinta Wibowo, Jessica Wibowo',0,'https://res.cloudinary.com/duylinhmedia/image/upload/v1719953340/15_gmpxj0.jpg','2024-06-06 01:19:02.000000','For fans of The Witch Boy and Squished, Lunar Boy is a must-have heartwarming coming-of-age graphic novel about a young boy from the moon who discovers a home in the most unlikely places, from debut twin creators Jes and Cin Wibowo.\n\nIndu, a boy from the moon, feels like he doesn’t belong. He hasn’t since he and his adoptive mom disembarked from their spaceship—their home—to live on Earth with their new blended family. The kids at school think he’s weird, he has a crush on his pen pal who might not like him back, and his stepfamily doesn’t seem to know what to do with him. Worst of all, Indu can’t even talk to his mom about how he’s feeling because she’s so busy.\n\nIn a moment of loneliness, Indu calls out to the moon, begging them to take him back. And against all odds, the moon hears him and agrees to bring him home on the first day of the New Year. But as the promised day draws nearer, Indu finds friendship in unlikely places and discovers that home is more than where you come from. And when the moon calls again, Indu must decide: Is he willing to give up what he’s just found?',200,450000,'2024-05-30 06:03:22.000000','NXB Kim Dong',100,450000,'Lunar Boy','2024-05-30 06:03:54.000000',1,0,NULL,NULL,NULL,NULL,NULL),(36,'Sydney J. Shields',2,'https://res.cloudinary.com/duylinhmedia/image/upload/v1719953340/16_px5uja.jpg','2024-06-06 01:19:02.000000','The Honey Witch of Innisfree can never find true love. That is her curse to bear. But when a young woman who doesn’t believe in magic arrives on her island, sparks fly in this deliciously sweet debut novel of magic, hope, and love overcoming all.\n \nTwenty-one-year-old Marigold Claude has always preferred the company of the spirits of the meadow to any of the suitors who’ve tried to woo her. So when her grandmother whisks her away to the family cottage on the tiny Isle of Innisfree with an offer to train her as the next Honey Witch, she accepts immediately. But her newfound magic and independence come with a No one can fall in love with the Honey Witch.\n \nWhen Lottie Burke, a notoriously grumpy skeptic who doesn’t believe in magic, shows up on her doorstep, Marigold can’t resist the challenge to prove to her that magic is real. But soon, Marigold begins to care for Lottie in ways she never expected. And when darker magic awakens and threatens to destroy her home, she must fight for much more than her new home—at the risk of losing her magic and her heart.',200,400000,'2024-05-30 06:03:22.000000','NXB Kim Dong',100,400000,'The Honey Witch','2024-06-09 23:44:30.792000',2,400000,NULL,NULL,NULL,NULL,NULL),(37,'Kevin Kwan',0,'https://res.cloudinary.com/duylinhmedia/image/upload/v1719953341/17_hilotr.jpg','2024-06-06 01:19:02.000000','From the iconic internationally bestselling author of the Crazy Rich Asians A forbidden affair erupts volcanically amid a decadent tropical wedding in this outrageous comedy of manners from the iconic author of Crazy Rich Asians.\n \nRufus Leung Gresham, future Duke of Greshambury and son of a former Hong Kong supermodel has a the legendary Gresham Trust has been depleted by decades of profligate spending, and behind all the magazine covers and Instagram stories manors and yachts lies nothing more than a gargantuan mountain of debt. The only solution, put forth by Rufus’s scheming mother, is for Rufus to attend his sister’s wedding at a luxury eco-resort, a veritable who’s-who of sultans, barons, and oligarchs, and seduce a woman with money.\n\nShould he marry Solène de Courcy, a French hotel heiress with honey blond tresses and a royal bloodline? Should he pursue Martha Dung, the tattooed venture capital genius who passes out billions like lollipops? Or should he follow his heart, betray his family, squander his legacy, and finally confess his love to the literal girl next door, the humble daughter of a doctor, Eden Tong? When a volcanic eruption burns through the nuptials and a hot mic exposes a secret tryst, the Gresham family plans—and their reputation—go up in flames.\n\nCan the once-great dukedom rise from the ashes? Or will a secret tragedy, hidden for two decades, reveal a shocking twist?\n\nIn a globetrotting tale that takes us from the black sand beaches of Hawaii to the skies of Marrakech, from the glitzy bachelor pads Los Angeles to the inner sanctums of England’s oldest family estates, Kevin Kwan unfurls a juicy, hilarious, sophisticated and thrillingly plotted story of love, money, murder, sex, and the lies we tell about them all.',200,900000,'2024-05-30 06:03:22.000000','NXB Kim Dong',100,900000,'Lies and Weddings','2024-05-30 06:03:54.000000',2,0,NULL,NULL,NULL,NULL,NULL),(38,'Stephen King',0,'https://res.cloudinary.com/duylinhmedia/image/upload/v1719953341/18_ukaygp.jpg','2024-06-06 01:19:02.000000','Twenty-one-year-old Marigold Claude has always preferred the company of the spirits of the meadow to any of the suitors who’ve tried to woo her. So when her grandmother whisks her away to the family cottage on the tiny Isle of Innisfree with an offer to train her as the next Honey Witch',200,700000,'2024-05-30 06:03:22.000000','NXB Kim Dong',100,700000,'You Like It Darker','2024-05-30 06:03:54.000000',2,0,NULL,NULL,NULL,NULL,NULL),(39,'June Hur',0,'https://res.cloudinary.com/duylinhmedia/image/upload/v1719953341/19_sdwgqa.jpg','2024-06-06 01:19:02.000000','From legendary storyteller and master of short fiction Stephen King comes an extraordinary new collection of twelve short stories, many never-before-published, and some of his best EVER.\n\n“You like it darker? Fine, so do I,” writes Stephen King in the afterword to this magnificent new collection of twelve stories that delve into the darker part of life—both metaphorical and literal. King has, for half a century, been a master of the form, and these stories, about fate, mortality, luck, and the folds in reality where anything can happen, are as rich and riveting as his novels, both weighty in theme and a huge pleasure to read. King writes to feel “the exhilaration of leaving ordinary day-to-day life behind,” and in You Like It Darker, readers will feel that exhilaration too, again and again.\n\n“Two Talented Bastids” explores the long-hidden secret of how the eponymous gentlemen got their skills. In “Danny Coughlin’s Bad Dream,” a brief and unprecedented psychic flash upends dozens of lives, Danny’s most catastrophically. In “Rattlesnakes,” a sequel to Cujo, a grieving widower travels to Florida for respite and instead receives an unexpected inheritance—with major strings attached. In “The Dreamers,” a taciturn Vietnam vet answers a job ad and learns that there are some corners of the universe best left unexplored. “The Answer Man” asks if prescience is good luck or bad and reminds us that a life marked by unbearable tragedy can still be meaningful.\n\nKing’s ability to surprise, amaze, and bring us both terror and solace remains unsurpassed. Each of these stories holds its own thrills, joys, and mysteries; each feels iconic. You like it darker? You got it.',200,600000,'2024-05-30 06:03:22.000000','NXB Kim Dong',100,600000,'A Crane Among Wolves','2024-05-30 06:03:54.000000',2,0,NULL,NULL,NULL,NULL,NULL),(40,'Steven Rowley',0,'https://res.cloudinary.com/duylinhmedia/image/upload/v1719953341/20_fv8jft.jpg','2024-06-06 01:19:02.000000','June Hur, bestselling author of The Red Palace, crafts a devastating and pulse-pounding tale that will feel all-too-relevant in today’s world, based on a true story from Korean history.\n\nHope is dangerous. Love is deadly.\n\n1506, Joseon. The people suffer under the cruel reign of the tyrant King Yeonsan, powerless to stop him from commandeering their land for his recreational use, banning and burning books, and kidnapping and horrifically abusing women and girls as his personal playthings.\n\nSeventeen-year-old Iseul has lived a sheltered, privileged life despite the kingdom’s turmoil. When her older sister, Suyeon, becomes the king’s latest prey, Iseul leaves the relative safety of her village, traveling through forbidden territory to reach the capital in hopes of stealing her sister back. But she soon discovers the king’s power is absolute, and to challenge his rule is to court certain death.\n\nPrince Daehyun has lived his whole life in the terrifying shadow of his despicable half-brother, the king. Forced to watch King Yeonsan flaunt his predation through executions and rampant abuse of the common folk, Daehyun aches to find a way to dethrone his half-brother once and for all. When staging a coup, failure is fatal, and he’ll need help to pull it off—but there’s no way to know who he can trust.\n\nWhen Iseul\'s and Daehyun\'s fates collide, their contempt for each other is transcended only by their mutual hate for the king. Armed with Iseul’s family connections and Daehyun’s royal access, they reluctantly join forces to launch the riskiest gamble the kingdom has ever\n\nSave her sister. Free the people. Destroy a tyrant.',200,800000,'2024-05-30 06:03:22.000000','NXB Kim Dong',100,800000,'The Guncle Abroad','2024-05-30 06:03:54.000000',2,0,NULL,NULL,NULL,NULL,NULL),(41,'Katee Robert',2,'https://res.cloudinary.com/duylinhmedia/image/upload/v1719953346/21_t8yaa7.jpg','2024-06-06 01:19:02.000000','Set sail for adventure and love in the next spicy fantasy romance from Katee Robert, the New York Times bestselling author of the TikTok smash hit Neon Gods .\n\nAs a bloodline vampire, Lizzie has never had a problem taking what she wants, and right now what she wants are the family heirlooms that were stolen from her and a portal home. Too bad even that short list is impossible to accomplish on her own—and her allies have bigger things to worry about.\n\nWhen they rescue a selkie from captivity, it’s the perfect solution to her problem. Lizzie needs a guide through Threshold and the selkie needs someone to help her get her skin back.  Maeve didn’t choose to give up her skin—it was stolen from her. Now she’s in an uneasy partnership with a dangerous woman who seems more apt to kill than to share a kind word. It’s terrifying…and a bit alluring. Even though she knows it will end in heartbreak, Maeve can’t help being drawn to Lizzie and her all-too-pleasurable vampire bite. \n\nUnfortunately, the danger to Maeve’s heart is the least of her worries. The ship Lizzie’s chasing belongs to the Cŵn Annwn, and they don’t take kindly to people who steal from them. Not even Lizzie’s viciousness or Maeve’s selkie strength will be enough to save them if the Cŵn Annwn seek retribution…',200,750000,'2024-05-30 06:03:22.000000','NXB Kim Dong',100,750000,'Blood on the Tide','2024-06-10 07:10:34.551000',3,1500000,NULL,NULL,NULL,NULL,NULL),(42,'Christine Riccio',0,'https://res.cloudinary.com/duylinhmedia/image/upload/v1719953343/22_omxb5t.jpg','2024-06-06 01:19:02.000000','Survivor meets The Bachelor in Attached at the Hip, an irresistible, romantic adventure by New York Times bestselling author Christine Riccio.\n\nOrie Lennox has spent her entire life prepping for her happily ever after -- and now that she’s graduated, she’s low-key wondering, when the heck is it gonna hit. Her love life, her new job, her relationship with her sister: none of it is quite what she envisioned it to be.\n\nOne evening, on a whim, she applies for a reality show where she’ll be stranded on an island, with a bunch of strangers, to play a game of human chess for a shot at a million dollars. What better way to force herself to break up with the things that aren’t bringing her joy, than to abandon them all on short notice to live off the grid on a beach in the South Pacific!\n\nOrie\'s shocked when she ends up cast in an experimental romantic edition of the show: and even more surprised to find that her old high school crush, Remy, has been cast as well. Orie\'s one of ten contestants, set to compete in formidable challenges, while speed dating, in the wilderness: without deodorant, toilets, shaving cream, or showers. (How!?)\n\nShe finds herself tied up — literally — in a game of risky alliances as she navigates ever-growing feelings for her one that got away, alongside an exciting array of budding new relationships.',200,250000,'2024-05-30 06:03:22.000000','NXB Kim Dong',100,250000,'Attached at the Hip','2024-05-30 06:03:54.000000',3,0,NULL,NULL,NULL,NULL,NULL),(43,'Cat Sebastian',0,'https://res.cloudinary.com/duylinhmedia/image/upload/v1719953344/23_tktlr7.jpg','2024-06-06 01:19:02.000000','An emotional, slow-burn, grumpy/sunshine, queer mid-century romance about grief and found family, between the new star shortstop stuck in a batting slump and the reporter assigned to (reluctantly) cover his first season—set in the same universe as We Could Be So Good.\n\nThe 1960 baseball season is shaping up to be the worst year of Eddie O’Leary’s life. He can’t manage to hit the ball, his new teammates hate him, he’s living out of a suitcase, and he’s homesick. When the team’s owner orders him to give a bunch of interviews to some snobby reporter, he’s ready to call it quits. He can barely manage to behave himself for the length of a game, let alone an entire season. But he’s already on thin ice, so he has no choice but to agree.\n\nMark Bailey is not a sports reporter. He writes for the arts page, and these days he’s barely even managing to do that much. He’s had a rough year and just wants to be left alone in his too-empty apartment, mourning a partner he’d never been able to be public about. The last thing he needs is to spend a season writing about New York’s obnoxious new shortstop in a stunt to get the struggling newspaper more readers.\n\nIsolated together within the crush of an anonymous city, these two lonely souls orbit each other as they slowly give in to the inevitable gravity of their attraction. But Mark has vowed that he’ll never be someone’s secret ever again, and Eddie can’t be out as a professional athlete. It’s just them against the world, and they’ll both have to decide if that’s enough.',200,100000,'2024-05-30 06:03:22.000000','NXB Kim Dong',100,100000,'You Should Be So Lucky','2024-05-30 06:03:54.000000',3,0,NULL,NULL,NULL,NULL,NULL),(44,'Alexene Farol Follmuth',0,'https://res.cloudinary.com/duylinhmedia/image/upload/v1719953349/24_dzxwho.jpg','2024-06-06 01:19:02.000000','Reese\'s Book Club Summer YA Pick \'24\n\n\"YA is a feeling. It\'s a warm summer day reading in the sun, lots of nostalgia, gushing together over the characters in Twelfth Knight.\"—Reese Witherspoon\n\nFrom the New York Times-bestselling author of The Atlas Six (under the penname Olivie Blake) comes Twelfth Knight, a grumpy/sunshine YA romantic comedy and coming of age story about taking up space in the world and learning what it means to let others in.\n\nViola Reyes is annoyed.\n\nHer painstakingly crafted tabletop game campaign was shot down, her best friend is suggesting she try being more “likable,” and school running back Jack Orsino is the most lackadaisical Student Body President she’s ever seen, which makes her job as VP that much harder. Vi’s favorite escape from the world is the MMORPG Twelfth Knight, but online spaces aren’t exactly kind to girls like her―girls who are extremely competent and have the swagger to prove it. So Vi creates a masculine alter ego, choosing to play as a knight named Cesario to create a safe haven for herself.\n\nBut when a football injury leads Jack Orsino to the world of Twelfth Knight, Vi is alarmed to discover their online alter egos―Cesario and Duke Orsino―are surprisingly well-matched.\n\nAs the long nights of game-play turn into discussions about life and love, Vi and Jack soon realise they’ve become more than just weapon-wielding characters in an online game. But Vi has been concealing her true identity from Jack, and Jack might just be falling for her offline…',200,300000,'2024-05-30 06:03:22.000000','NXB Kim Dong',100,300000,'Twelfth Knight','2024-05-30 06:03:54.000000',3,0,NULL,NULL,NULL,NULL,NULL),(45,'Betty Cayouette',100,'https://res.cloudinary.com/duylinhmedia/image/upload/v1719953350/25_ektj1o.jpg','2024-06-06 01:19:02.000000','A debut romance about a supermodel and a photographer with a past marriage pact who meet again ten years later on a photoshoot in Cinque Terre, Italy.\n\nFrom the moment Emerson and Theo met as teenagers, they were inseparable. But just when they finally expressed their feelings to one another, they were torn apart.\n\nNow, supermodel Emerson is nearing her twenty-eighth birthday, and she’s tired of looking for love in all the wrong places. When the calendar reminder for the marriage pact she and Theo made as teens goes off on her phone, she realizes this is it―her chance to rekindle the only romance that ever really made sense. Emerson convinces her grumpy agent to book her as the face of the fashion campaign that Theo, now a fashion photographer, is shooting. The good the campaign is being shot in ridiculously romantic Cinque Terre, Italy. The bad news? Theo might not be as happy to see her as she\'d hoped.\n\nThe two embark on a four-day campaign that tests not only their feelings, but their ability to keep their hands off one another. But as roadblock after roadblock keeps them apart, Emerson starts to will this photoshoot be the key to getting one last shot at love, or will it be a final goodbye?',200,250000,'2024-05-30 06:03:22.000000','NXB Kim Dong',100,250000,'One Last Shot','2024-06-10 09:20:06.062000',3,250000,NULL,NULL,NULL,NULL,NULL),(46,'Joyce Carol Oates',0,'https://res.cloudinary.com/duylinhmedia/image/upload/v1719953349/26_klunql.jpg','2024-06-06 01:19:02.000000','From one of our most accomplished storytellers, an extraordinary and arresting novel about a women’s asylum in the 19th century, and a terrifying doctor who wants to change the world\n\nIn this harrowing story based on authentic historical documents, we follow the career of Dr. Silas Weir, “The Father of Gyno-Psychiatry,” as he ascends from professional anonymity to national renown. Humiliated by a disastrous procedure, Weir is forced to take a position at the New Jersey Asylum for Female Lunatics, where he reigns. There, he is allowed to continue his practice, unchecked for decades, making a name for himself by focusing on women who have been neglected by the state—women he subjects to the most grotesque modes of experimentation. As he begins to establish himself as a pioneer of 19th-century surgery, Weir’s ambition is fueled by his obsessive fascination with a young Irish indentured servant named Brigit, who becomes not only Weir’s primary experimental subject, but also the agent of his destruction.\n\nNarrated by Silas Weir’s eldest son, who has repudiated his father’s brutal legacy, Butcher is a unique blend of fiction and fact, a nightmare voyage through the darkest regions of the American psyche conjoined, in its startling conclusion, with unexpected romance. Once again, Joyce Carol Oates has written a spellbinding novel confirming her position as one of our celebrated American visionaries of the imagination.',200,450000,'2024-05-30 06:03:22.000000','NXB Kim Dong',100,450000,'Butcher','2024-05-30 06:03:54.000000',4,0,NULL,NULL,NULL,NULL,NULL),(47,'J. Nicole Jones',0,'https://res.cloudinary.com/duylinhmedia/image/upload/v1719953350/27_tqeapa.jpg','2024-06-06 01:19:02.000000','A dreamy California Gothic about a woman who moves to the mysterious town of Bellinas to save her marriage, only to be swept up in a hedonistic cult that isn’t what it seems\n\nTansy and her husband Guy are the newest arrivals in Bellinas, a lush oasis tucked into the coast of northern California where a reclusive, creative community is beginning to take shape. Helmed by Guy’s cousin Mia, a famous model -turned -wellness -luminary, and her tech mogul husband, the group renounces the outside world in pursuit of purity, fashioning their own rules about what to eat and how to live.\n\nMia and the other women drape Tansy in expensive clothing and spend their days fawning over their babies, while the men surf and dive for abalone. Everything seems perfect in Bellinas: food is abundant, flowers are always in bloom, and nearby wildfires leave the town remarkably unscathed.\n\nWhile Guy is happy in their new lives, Tansy becomes more and more suspicious of the community and increasingly desperate to save her already-fragile marriage. And as lonely women have throughout the ages, she wants to believe in what may only be a beautiful lie.\n\nThe Witches of Bellinas unfolds as a confession from Tansy, filled with anguish over the life, and sense of self, she’s surrendered in her desperation to belong. In J. Nicole Jones’s clever reimagining of cult power and groupthink, the question isn’t why join, but rather, what happens when you understand the danger, but can’t conceive of a way out?',200,400000,'2024-05-30 06:03:22.000000','NXB Kim Dong',100,400000,'The Witches of Bellinas','2024-05-30 06:03:54.000000',4,0,NULL,NULL,NULL,NULL,NULL),(48,'Crystal J. Bell\n',6,'https://res.cloudinary.com/duylinhmedia/image/upload/v1719953351/28_afuobo.jpg','2024-06-06 01:19:02.000000','It’s an honor to bring light to the dark. The nineteenth-century whaling village of Warbler is famous for its lucky ship figureheads—and infamous for people disappearing into the nightly fog. In this murky locale, the lamplighter is synonymous with safety and protection, and it’s a position Temperance assumes when her father is found hanging from one of the lampposts. Though Tempe proves competent, the town is still hesitant to let a woman handle this responsibility. When a girl disappears after two lamps go out, Tempe’s ability to provide for her mother and younger sister hangs in the balance. She scrambles for answers, hindered at every turn by the village authorities’ call for her removal. As more villagers vanish under her watch, Tempe discovers unsettling truths about the famous Warbler figureheads and her own beloved father. But her warnings of a monster are ignored, even by her own family. Now she must follow the light out of her own fog of despair, as she faces the choice to look the other way or risk speaking out and possibly dooming herself and her sister to be among the lost.',200,900000,'2024-05-30 06:03:22.000000','NXB Kim Dong',100,900000,'The Lamplighter','2024-06-10 06:48:59.673000',4,900000,NULL,NULL,NULL,NULL,NULL),(49,'Nita Tyndall\n',0,'https://res.cloudinary.com/duylinhmedia/image/upload/v1719953351/29_yokvqr.jpg','2024-06-06 01:19:02.000000','Fans of Courtney Summers and Tess Sharpe will devour this standalone YA thriller following a nonbinary teen investigating a series of copycat murders targeting girls in their small town—murders based on their serial killer dad’s MO.\n\nAnother girl has gone missing in Cardinal Creek.\n\nSid knows their dad didn’t do it—this time. He’s currently serving a life sentence for the five girls he murdered ten years ago. Girls whose bodies he dumped into the lake. The same lake where June Hargrove was just found. And while Sid’s dad couldn’t have done it, suspicion is now directed at Sid. The only person who doesn’t suspect Sid is the new girl, Mavis—as long as Sid doesn’t let her find out about their past.\n\nBut Sid has another secret: They’re being haunted by the ghosts of the five girls their father killed. Except now there are six. And unlike the others, June isn’t content to just whisper in Sid’s ear. She wants them to find out who’s killing again, especially as another girl goes missing. If Sid wants any chance of solving the current disappearances, they’re going to have to face what their father did—or risk being haunted forever.\n\nCritically acclaimed author of Who I Was with Her, Nita Tyndall delivers a page-turning thriller that will captivate fans of Sadie and Monday\'s Not Coming.',200,700000,'2024-05-30 06:03:22.000000','NXB Kim Dong',100,700000,'Have You Seen This Girl','2024-05-30 06:03:54.000000',4,0,NULL,NULL,NULL,NULL,NULL),(50,'\'Pemi Aguda',0,'https://res.cloudinary.com/duylinhmedia/image/upload/v1719953351/30_cuovgx.jpg','2024-06-06 01:19:02.000000','A debut collection of stories set in a hauntingly reimagined Lagos where characters vie for freedom from ancestral ties.\n\n’Pemi Aguda opens her collection of twelve stories with the chilling tale of a woman who uncannily resembles her sinister, deceased grandmother. When the woman shows a capacity for deadly violence, she wonders—can evil be genetic, passed from generation to generation?\n\nSet in Lagos, Nigeria, Aguda’s stories unfold against a spectral cityscape where the everyday business of living—the birth of a baby, a market visit, a conversation between mothers and daughters—is charged with an air of supernatural menace. In “Breastmilk” a new mother’s inability to lactate takes on preternatural overtones. In “24, Alhaji Williams Street” a mysterious disease wreaks havoc with frightening precision. In “The Hollow,” an architect stumbles on a vengeful house.\n\nEvocative, strange, and yet familiar, “the speculative conceits of these stories are elegantly balanced with the gorgeous fullness of human emotion, all the hunger and longing and fear and delight of being a human in the world” (Lauren Groff).',200,600000,'2024-05-30 06:03:22.000000','NXB Kim Dong',100,600000,'Ghostroots: Stories','2024-05-30 06:03:54.000000',4,0,NULL,NULL,NULL,NULL,NULL),(51,'Janet Skeslien Charles\n',0,'https://res.cloudinary.com/duylinhmedia/image/upload/v1719953350/31_q5go9s.jpg','2024-06-06 01:19:02.000000','The New York Times and internationally bestselling author of the “captivating, richly drawn” (Woman’s World) The Paris Library returns with a brilliant new novel based on the true story of Jessie Carson—the American librarian who changed the literary landscape of France.\n\n1918: As the Great War rages, Jessie Carson takes a leave of absence from the New York Public Library to work for the American Committee for Devastated France. Founded by millionaire Anne Morgan, this group of international women help rebuild devastated French communities just miles from the front. Upon arrival, Jessie strives to establish something that the French have never seen—children’s libraries. She turns ambulances into bookmobiles and trains the first French female librarians. Then she disappears.\n\n1987: When NYPL librarian and aspiring writer Wendy Peterson stumbles across a passing reference to Jessie Carson in the archives, she becomes consumed with learning her fate. In her obsessive research, she discovers that she and the elusive librarian have more in common than their work at New York’s famed library, but she has no idea their paths will converge in surprising ways across time.',200,800000,'2024-05-30 06:03:22.000000','NXB Kim Dong',100,800000,'Book Brigade','2024-05-30 06:03:54.000000',5,0,NULL,NULL,NULL,NULL,NULL),(52,'Elizabeth O\'Connor',3,'https://res.cloudinary.com/duylinhmedia/image/upload/v1719953351/32_qmvhul.jpg','2024-06-06 01:19:02.000000','A stunning debut from an award-winning writer, about loss, isolation, folklore, and the joy and dissonance of finding oneself by exploring life outside one’s community\n\nIn 1938, a dead whale washes up on the shores of remote Welsh island. For Manod, who has spent her whole life on the island, it feels like both a portent of doom and a symbol of what may lie beyond the island\'s shores. A young woman living with her father and her sister (to whom she has reluctantly but devotedly become a mother following the death of their own mother years prior), Manod can\'t shake her welling desire to explore life beyond the beautiful yet blisteringly harsh islands that her hardscrabble family has called home for generations.\n\nThe arrival of two English ethnographers who hope to study the island culture, then, feels like a boon to her—both a glimpse of life outside her community and a means of escape. The longer the ethnographers stay, the more she feels herself pulled towards them, reckoning with a sensual awakening inside herself, despite her misgivings that her community is being misconstrued and exoticized.\n\nWith shimmering prose tempered by sharp wit, Whale Fall tells the story of what happens when one person\'s ambitions threaten the fabric of a community, and what can happen when they are realized. O\'Connor paints a portrait of a community and a woman on the precipice, forced to confront an outside world that seems to be closing in on them.',200,750000,'2024-05-30 06:03:22.000000','NXB Kim Dong',100,750000,'Whale Fall','2024-06-10 06:48:52.037000',5,750000,NULL,NULL,NULL,NULL,NULL),(53,'Kuchenga Shenjé',2,'https://res.cloudinary.com/duylinhmedia/image/upload/v1719953352/33_jlikoo.jpg','2024-06-06 01:19:02.000000','A strikingly original and absorbing mystery about a white-passing bookbinder in Victorian England and the secrets lurking on the estate where we she works, for fans of Fingersmith and The Confessions of Frannie Langton\n\nThe library is under lock and key. But its secrets can\'t be contained.\n\n1896. After he brought her home from Jamaica as a baby, Florence\'s father had her hair hot-combed to make her look like the other girls. But as a young woman, Florence is not so easy to tame—and when she brings scandal to his door, the bookbinder throws her onto the streets of Manchester.\n\nIntercepting her father\'s latest commission, Florence talks her way into the remote, forbidding Rose Hall to restore its collection of rare books. Lord Francis Belfield\'s library is old and full of secrets—but none so intriguing as the whispers about his late wife.\n\nThen one night, the library is broken into. Strangely, all the priceless tomes remain untouched. Florence is puzzled, until she discovers a half-burned book in the fireplace. She realizes with horror that someone has found and set fire to the secret diary of Lord Belfield\'s wife–which may hold the clue to her fate…\n\nEvocative, arresting and tightly plotted, The Library Thief is at once a propulsive Gothic mystery and a striking exploration of race, gender and self-discovery in Victorian England.',200,250000,'2024-05-30 06:03:22.000000','NXB Kim Dong',100,250000,'The Library Thief','2024-05-30 06:03:54.000000',5,500000,NULL,NULL,NULL,NULL,NULL),(54,'Bridget Collins',0,'https://res.cloudinary.com/duylinhmedia/image/upload/v1719953356/34_upfea9.jpg','2024-06-06 01:19:02.000000','From the acclaimed author of the #1 international bestseller The Binding—a captivating story of gothic suspense about a powerful family, the magical and dangerous silk their fortune is built upon, and the exploitative history they are desperately trying to hide.\n\n1820: Sophia Ashmore-Percy reluctantly accompanies her husband James to a remote Greek island, where he searches for rare biological specimens. Once there, however, she sets on her own voyage of discovery—stumbling across the very creature he is looking for, making an unexpected connection with a local woman, and ultimately reconsidering her marriage, life, and own desires.\n\nDecades later, audiologist Henry Latimer is sent to the home of industrialist Sir Edward Ashmore-Percy and tasked with curing the man’s young daughter, Philomel, of her deafness. But Henry, eager to escape a troubled past, quickly becomes obsessed with the fascinating nature of Sir Edward’s business: spinning silk with a rare and magical breed of spiders. The extraordinary silk shields sound, offering respite from bustling streets and noisy neighbors. The result is instant tranquility, as wearers experience a soothing calmness. Yet, those within earshot of the outward-facing silk are subjected to eerie murmurs that amplify with proximity. Bystanders suffer the consequences of this unnerving phenomenon, manifesting in physical and mental afflictions ranging from headaches and drowsiness to severe cases of madness.\n\nAs Henry becomes entangled in the allure of the silk and Sir Edward’s charm, he glimpses a more sinister family history. The closer he ventures into the inner circle of Carthmute House, the more he unravels the horrifying underbelly of the silk business.\n\nWith Bridget Collins’s signature, stunning prose, The Silence Factory is an equally enthralling and unsettling gothic story about complicity, desire, and corruption—a novel to lose yourself in.',200,100000,'2024-05-30 06:03:22.000000','NXB Kim Dong',100,100000,'The Silence Factory','2024-05-30 06:03:54.000000',5,0,NULL,NULL,NULL,NULL,NULL),(55,'Lauren Blackwood\n',9,'https://res.cloudinary.com/duylinhmedia/image/upload/v1719953356/35_eyaozi.jpg','2024-06-06 01:19:02.000000','A romantic historical fantasy from New York Times bestselling author Lauren Blackwood, set in the American Civil War with vampires and people with demigod-like abilities.\n\n1863, Pennsylvania\n\nWar doesn’t scare Jerusalem—she’s a Saint. Thanks to powerful demigod-style reflexes, endurance, and strength, she’s fearless. And ever since the Confederates declared civil war, partnering with the vampires who benefitted off slavery, she and her battalion of Saints are essential to the Union army.\n\nJerusalem herself had been enslaved by a vampire, escaping North only after her family was murdered. She knows the enemy better, hates the enemy more than anyone in her battalion, and has been using it to her advantage since she joined the war a year ago. More than anything she wants revenge, but if she can help Black people gain freedom and equality without having to steal it for themselves like she had to, then all the better.\n\nBut she never expects to have to team up with a vampire to do it. Alexei is one of those handsome, arrogant Ancient Vampires. But he’s on the Union’s side, and in the year they\'ve known each other, has never done anything but prove he’s on hers.\n\nTogether, they set out to change the course of the war and take down the vampire who destroyed everyone Jerusalem loved. But for her, it’s about more than justice.\n\nIt\'s about killing a god.',200,300000,'2024-05-30 06:03:22.000000','NXB Kim Dong',95,300000,'The Dangerous Ones','2024-05-30 06:03:54.000000',5,600000,NULL,NULL,NULL,NULL,NULL),(66,'Duy Linh',NULL,'http://res.cloudinary.com/duylinhmedia/image/upload/v1720922722/4626628c-750e-4432-86b5-9db9a2270857.jpg',NULL,'this is a book',200,400000,'2024-07-09 00:00:00.000000','Duy Linh',200,200000,'Chip War - Cuộc chiến vi mạch',NULL,1,NULL,_binary '','2024-07-14 09:05:20.343000',NULL,_binary '\0',NULL);
/*!40000 ALTER TABLE `books` ENABLE KEYS */;
UNLOCK TABLES;

--
-- Table structure for table `categories`
--

DROP TABLE IF EXISTS `categories`;
/*!40101 SET @saved_cs_client     = @@character_set_client */;
/*!50503 SET character_set_client = utf8mb4 */;
CREATE TABLE `categories` (
  `id` bigint NOT NULL AUTO_INCREMENT,
  `created_at` datetime(6) DEFAULT NULL,
  `description` tinytext,
  `name` varchar(255) DEFAULT NULL,
  `updated_at` datetime(6) DEFAULT NULL,
  `active_flag` bit(1) DEFAULT NULL,
  `create_date` datetime(6) DEFAULT NULL,
  `created_by` varchar(255) DEFAULT NULL,
  `delete_flag` bit(1) DEFAULT NULL,
  `updated_by` varchar(255) DEFAULT NULL,
  PRIMARY KEY (`id`)
) ENGINE=InnoDB AUTO_INCREMENT=11 DEFAULT CHARSET=utf8mb4 COLLATE=utf8mb4_0900_ai_ci;
/*!40101 SET character_set_client = @saved_cs_client */;

--
-- Dumping data for table `categories`
--

LOCK TABLES `categories` WRITE;
/*!40000 ALTER TABLE `categories` DISABLE KEYS */;
INSERT INTO `categories` VALUES (1,'2024-05-30 06:04:05.000000','This is category 1','Sci-Fi','2024-05-30 06:04:23.000000',NULL,NULL,NULL,NULL,NULL),(2,'2024-05-30 06:04:05.000000','This is category 1','Fiction','2024-05-30 06:04:23.000000',NULL,NULL,NULL,NULL,NULL),(3,'2024-05-30 06:04:05.000000','This is category 1','Romance','2024-05-30 06:04:23.000000',NULL,NULL,NULL,NULL,NULL),(4,'2024-05-30 06:04:05.000000','This is category 1','Horror','2024-05-30 06:04:23.000000',NULL,NULL,NULL,NULL,NULL),(5,'2024-05-30 06:04:05.000000','This is category 1','Historical Fiction','2024-05-30 06:04:23.000000',NULL,NULL,NULL,NULL,NULL),(6,'2024-05-30 06:04:05.000000','This is category 1','Fantasy','2024-05-30 06:04:23.000000',NULL,NULL,NULL,NULL,NULL),(7,'2024-05-30 06:04:05.000000','This is category 1','Manga','2024-05-30 06:04:23.000000',NULL,NULL,NULL,NULL,NULL),(8,'2024-05-30 06:04:05.000000','This is category 1','Mystery','2024-05-30 06:04:23.000000',NULL,NULL,NULL,NULL,NULL),(9,'2024-05-30 06:04:05.000000','This is category 1','Adventure','2024-05-30 06:04:23.000000',NULL,NULL,NULL,NULL,NULL),(10,'2024-05-30 06:04:05.000000','This is category 1','Text book','2024-05-30 06:04:23.000000',NULL,NULL,NULL,NULL,NULL);
/*!40000 ALTER TABLE `categories` ENABLE KEYS */;
UNLOCK TABLES;

--
-- Table structure for table `comments`
--

DROP TABLE IF EXISTS `comments`;
/*!40101 SET @saved_cs_client     = @@character_set_client */;
/*!50503 SET character_set_client = utf8mb4 */;
CREATE TABLE `comments` (
  `id` bigint NOT NULL AUTO_INCREMENT,
  `active_flag` bit(1) DEFAULT NULL,
  `create_date` datetime(6) DEFAULT NULL,
  `created_by` varchar(255) DEFAULT NULL,
  `delete_flag` bit(1) DEFAULT NULL,
  `updated_at` timestamp NULL DEFAULT CURRENT_TIMESTAMP,
  `updated_by` varchar(255) DEFAULT NULL,
  `content` text,
  `user_id` bigint DEFAULT NULL,
  `blog_id` bigint DEFAULT NULL,
  PRIMARY KEY (`id`),
  KEY `FK8omq0tc18jd43bu5tjh6jvraq` (`user_id`),
  KEY `FK9aakob3a7aghrm94k9kmbrjqd` (`blog_id`),
  CONSTRAINT `FK8omq0tc18jd43bu5tjh6jvraq` FOREIGN KEY (`user_id`) REFERENCES `users` (`id`),
  CONSTRAINT `FK9aakob3a7aghrm94k9kmbrjqd` FOREIGN KEY (`blog_id`) REFERENCES `blogs` (`id`)
) ENGINE=InnoDB AUTO_INCREMENT=70 DEFAULT CHARSET=utf8mb4 COLLATE=utf8mb4_0900_ai_ci;
/*!40101 SET character_set_client = @saved_cs_client */;

--
-- Dumping data for table `comments`
--

LOCK TABLES `comments` WRITE;
/*!40000 ALTER TABLE `comments` DISABLE KEYS */;
INSERT INTO `comments` VALUES (1,_binary '','2024-07-13 05:55:52.639000',NULL,_binary '\0',NULL,NULL,'abc',1,1),(2,_binary '','2024-07-13 06:28:48.296000',NULL,_binary '\0',NULL,NULL,'abc',1,1),(3,_binary '','2024-07-13 06:29:49.148000',NULL,_binary '\0',NULL,NULL,'abc',1,1),(4,_binary '','2024-07-13 06:30:15.951000',NULL,_binary '\0',NULL,NULL,'abc',1,1),(5,_binary '','2024-07-13 06:31:22.021000',NULL,_binary '\0',NULL,NULL,'abcasd',1,1),(6,_binary '','2024-07-13 06:32:16.286000',NULL,_binary '\0',NULL,NULL,'abc',1,1),(63,_binary '','2024-07-13 22:55:09.188000',NULL,_binary '\0',NULL,NULL,'111',1,1),(64,_binary '','2024-07-13 22:55:22.928000',NULL,_binary '\0',NULL,NULL,'1111',1,1),(65,_binary '','2024-07-13 22:55:47.567000',NULL,_binary '\0',NULL,NULL,'111111',1,1),(66,_binary '','2024-07-13 22:56:43.264000',NULL,_binary '\0',NULL,NULL,'121213',1,1),(67,_binary '','2024-07-13 22:56:49.700000',NULL,_binary '\0',NULL,NULL,'aadac',1,1),(68,_binary '','2024-07-13 22:57:45.850000',NULL,_binary '\0',NULL,NULL,'aadadad',1,1),(69,_binary '','2024-07-20 05:42:07.003000',NULL,_binary '\0',NULL,NULL,'Bai viet rat y nghia',1,1);
/*!40000 ALTER TABLE `comments` ENABLE KEYS */;
UNLOCK TABLES;

--
-- Table structure for table `contacts`
--

DROP TABLE IF EXISTS `contacts`;
/*!40101 SET @saved_cs_client     = @@character_set_client */;
/*!50503 SET character_set_client = utf8mb4 */;
CREATE TABLE `contacts` (
  `id` bigint NOT NULL AUTO_INCREMENT,
  `created_at` datetime(6) DEFAULT NULL,
  `email` varchar(255) DEFAULT NULL,
  `message` tinytext,
  `name` varchar(255) DEFAULT NULL,
  `subject` varchar(255) DEFAULT NULL,
  `active_flag` bit(1) DEFAULT NULL,
  `create_date` datetime(6) DEFAULT NULL,
  `created_by` varchar(255) DEFAULT NULL,
  `delete_flag` bit(1) DEFAULT NULL,
  `updated_at` timestamp NULL DEFAULT CURRENT_TIMESTAMP,
  `updated_by` varchar(255) DEFAULT NULL,
  PRIMARY KEY (`id`)
) ENGINE=InnoDB AUTO_INCREMENT=9 DEFAULT CHARSET=utf8mb4 COLLATE=utf8mb4_0900_ai_ci;
/*!40101 SET character_set_client = @saved_cs_client */;

--
-- Dumping data for table `contacts`
--

LOCK TABLES `contacts` WRITE;
/*!40000 ALTER TABLE `contacts` DISABLE KEYS */;
INSERT INTO `contacts` VALUES (1,'2024-06-08 22:24:56.516000','ttbtahtt@gmail.com','bcd','Tran Thi Thu Trang','abc',NULL,NULL,NULL,NULL,'2024-06-29 20:18:43',NULL),(2,'2024-06-08 22:36:27.552000','ttbtahtt@gmail.com','tôi muốn website đẹp hơn','Tran Thi Thu Trang','website cần sửa',NULL,NULL,NULL,NULL,'2024-06-29 20:18:43',NULL),(3,'2024-06-09 20:41:26.523000','ttbtahtt@gmail.com','tôi đã mua sách của bạn','Tran Thi Thu Trang','gửi phản hồi cho website',NULL,NULL,NULL,NULL,'2024-06-29 20:18:43',NULL),(4,'2024-06-09 23:45:19.108000','ttbtahtt@gmail.com','tôi đã mua hàng tại website','Tran Thi Thu Trang','gửi phản hồi cho website',NULL,NULL,NULL,NULL,'2024-06-29 20:18:43',NULL),(5,'2024-06-10 00:00:27.322000','ttbtahtt@gmail.com','tôi đã mua sách của bạn','Tran Thi Thu Trang','gửi phản hồi cho website',NULL,NULL,NULL,NULL,'2024-06-29 20:18:43',NULL),(6,NULL,'nguyenduylinh2201@gmail.com','sản phẩm rất tốt','Nguyễn Duy Linh','review sản phẩm',_binary '','2024-07-14 09:16:39.557000',NULL,_binary '\0',NULL,NULL),(7,NULL,'nguyenduylinh2201@gmail.com','sản phẩm tốt','Nguyễn Duy Linh','review sản phẩm',_binary '','2024-07-14 09:17:24.066000',NULL,_binary '\0',NULL,NULL),(8,NULL,'nguyenduylinh2201@gmail.com','San pham cua toi bi loi','Nguyễn Duy Linh','Bao cao san pham',_binary '','2024-07-20 05:40:35.364000',NULL,_binary '\0',NULL,NULL);
/*!40000 ALTER TABLE `contacts` ENABLE KEYS */;
UNLOCK TABLES;

--
-- Table structure for table `favorite_items`
--

DROP TABLE IF EXISTS `favorite_items`;
/*!40101 SET @saved_cs_client     = @@character_set_client */;
/*!50503 SET character_set_client = utf8mb4 */;
CREATE TABLE `favorite_items` (
  `user_id` bigint NOT NULL,
  `book_id` bigint NOT NULL,
  PRIMARY KEY (`user_id`,`book_id`),
  KEY `FKs1yca81dorngc60k46sm5pvea` (`book_id`),
  CONSTRAINT `FKmcicth3vly9ytekmo9es5vtri` FOREIGN KEY (`user_id`) REFERENCES `users` (`id`),
  CONSTRAINT `FKs1yca81dorngc60k46sm5pvea` FOREIGN KEY (`book_id`) REFERENCES `books` (`id`)
) ENGINE=InnoDB DEFAULT CHARSET=utf8mb4 COLLATE=utf8mb4_0900_ai_ci;
/*!40101 SET character_set_client = @saved_cs_client */;

--
-- Dumping data for table `favorite_items`
--

LOCK TABLES `favorite_items` WRITE;
/*!40000 ALTER TABLE `favorite_items` DISABLE KEYS */;
INSERT INTO `favorite_items` VALUES (1,2),(1,3),(1,4),(1,36),(1,55);
/*!40000 ALTER TABLE `favorite_items` ENABLE KEYS */;
UNLOCK TABLES;

--
-- Table structure for table `order_details`
--

DROP TABLE IF EXISTS `order_details`;
/*!40101 SET @saved_cs_client     = @@character_set_client */;
/*!50503 SET character_set_client = utf8mb4 */;
CREATE TABLE `order_details` (
  `book_id` bigint NOT NULL,
  `order_id` bigint NOT NULL,
  `price` double DEFAULT NULL,
  `quantity` int DEFAULT NULL,
  PRIMARY KEY (`book_id`,`order_id`),
  KEY `FKjyu2qbqt8gnvno9oe9j2s2ldk` (`order_id`),
  CONSTRAINT `FKjqe04yonp6a52rhbf2y0m03qw` FOREIGN KEY (`book_id`) REFERENCES `books` (`id`),
  CONSTRAINT `FKjyu2qbqt8gnvno9oe9j2s2ldk` FOREIGN KEY (`order_id`) REFERENCES `orders` (`id`)
) ENGINE=InnoDB DEFAULT CHARSET=utf8mb4 COLLATE=utf8mb4_0900_ai_ci;
/*!40101 SET character_set_client = @saved_cs_client */;

--
-- Dumping data for table `order_details`
--

LOCK TABLES `order_details` WRITE;
/*!40000 ALTER TABLE `order_details` DISABLE KEYS */;
INSERT INTO `order_details` VALUES (2,73,300000,1),(2,74,300000,3),(2,76,300000,1),(2,77,300000,4),(2,83,300000,1),(2,88,300000,2),(2,89,300000,2),(2,93,300000,3),(2,94,300000,3),(2,95,300000,3),(2,96,300000,3),(2,97,300000,2),(3,90,250000,3),(3,91,250000,3),(3,92,250000,3),(4,75,450000,2),(4,87,450000,4),(4,97,450000,1),(36,78,400000,2),(41,79,750000,2),(41,82,750000,2),(45,84,250000,100),(48,80,900000,6),(52,81,750000,3),(55,85,300000,4),(55,86,300000,5);
/*!40000 ALTER TABLE `order_details` ENABLE KEYS */;
UNLOCK TABLES;

--
-- Table structure for table `orders`
--

DROP TABLE IF EXISTS `orders`;
/*!40101 SET @saved_cs_client     = @@character_set_client */;
/*!50503 SET character_set_client = utf8mb4 */;
CREATE TABLE `orders` (
  `id` bigint NOT NULL AUTO_INCREMENT,
  `created_at` datetime(6) DEFAULT NULL,
  `email_address` varchar(255) DEFAULT NULL,
  `payment_method` varchar(255) DEFAULT NULL,
  `phone_number` varchar(255) DEFAULT NULL,
  `reciever` varchar(255) DEFAULT NULL,
  `shipping_address` varchar(255) DEFAULT NULL,
  `status` varchar(255) DEFAULT NULL,
  `total_price` double DEFAULT NULL,
  `user_id` bigint DEFAULT NULL,
  `vnp_txn_ref` varchar(255) DEFAULT NULL,
  `active_flag` bit(1) DEFAULT NULL,
  `create_date` datetime(6) DEFAULT NULL,
  `created_by` varchar(255) DEFAULT NULL,
  `delete_flag` bit(1) DEFAULT NULL,
  `updated_at` timestamp NULL DEFAULT CURRENT_TIMESTAMP,
  `updated_by` varchar(255) DEFAULT NULL,
  PRIMARY KEY (`id`),
  KEY `FK32ql8ubntj5uh44ph9659tiih` (`user_id`),
  CONSTRAINT `FK32ql8ubntj5uh44ph9659tiih` FOREIGN KEY (`user_id`) REFERENCES `users` (`id`)
) ENGINE=InnoDB AUTO_INCREMENT=98 DEFAULT CHARSET=utf8mb4 COLLATE=utf8mb4_0900_ai_ci;
/*!40101 SET character_set_client = @saved_cs_client */;

--
-- Dumping data for table `orders`
--

LOCK TABLES `orders` WRITE;
/*!40000 ALTER TABLE `orders` DISABLE KEYS */;
INSERT INTO `orders` VALUES (73,'2024-06-09 04:16:47.601000','linh@gmail.com','VNPAY','1688124368','Duy Linh','Ha Noi','DELIVERING',300000,1,NULL,NULL,'2024-06-09 04:16:47.601000',NULL,NULL,'2024-06-29 20:18:43',NULL),(74,'2024-04-09 04:37:03.380000','linh@gmail.com','VNPAY','1688124368','Duy Linh','HN','DELIVERING',900000,1,NULL,NULL,'2024-04-09 04:37:03.380000',NULL,NULL,'2024-06-29 20:18:43',NULL),(75,'2024-05-09 20:38:02.719000','linh@gmail.com','VNPAY','1688124368','Duy Linh','Hà Nội','DELIVERING',900000,1,NULL,NULL,'2024-05-09 20:38:02.719000',NULL,NULL,'2024-06-29 20:18:43',NULL),(76,'2024-06-09 22:43:15.753000','linh@gmail.com','VNPAY','1688124368','Duy Linh','Ha Noi','DELIVERING',300000,1,NULL,NULL,'2024-06-09 22:43:15.753000',NULL,NULL,'2024-06-29 20:18:43',NULL),(77,'2024-06-09 22:45:56.159000','linh@gmail.com','VNPAY','1688124368','Duy Linh','Ha Noi','DELIVERING',1200000,1,NULL,NULL,'2024-06-09 22:45:56.159000',NULL,NULL,'2024-06-29 20:18:43',NULL),(78,'2024-05-09 23:42:31.703000','linh@gmail.com','VNPAY','1688124368','Duy Linh','Hà Nội','DELIVERING',800000,1,NULL,NULL,'2024-05-09 23:42:31.703000',NULL,NULL,'2024-06-29 20:18:43',NULL),(79,'2024-05-09 23:57:06.757000','linh@gmail.com','VNPAY','1688124368','Duy Linh','hà Nội','DELIVERING',1500000,1,NULL,NULL,'2024-05-09 23:57:06.757000',NULL,NULL,'2024-06-29 20:18:43',NULL),(80,'2024-04-10 06:47:27.570000','linh@gmail.com','VNPAY','1688124368','Duy Linh','Ha Noi','DELIVERING',5400000,1,NULL,NULL,'2024-04-10 06:47:27.570000',NULL,NULL,'2024-06-29 20:18:43',NULL),(81,'2024-04-10 06:48:19.986000','linh@gmail.com','VNPAY','1688124368','Duy Linh','Ha Noi','DELIVERING',2250000,1,NULL,NULL,'2024-04-10 06:48:19.986000',NULL,NULL,'2024-06-29 20:18:43',NULL),(82,'2024-06-10 07:10:34.537000','linh@gmail.com','VNPAY','0388272617','Duy Linh','Ha Noi','PENDING',1500000,1,NULL,NULL,'2024-06-10 07:10:34.537000',NULL,NULL,'2024-06-29 20:18:43',NULL),(83,'2024-05-10 07:41:18.283000','linh@gmail.com','VNPAY','0388272617','Duy Linh','Ha Noi','PENDING',300000,1,NULL,NULL,'2024-05-10 07:41:18.283000',NULL,NULL,'2024-06-29 20:18:43',NULL),(84,'2024-04-10 09:19:30.347000','linh@gmail.com','COD','1688124368','Duy Linh','Hà Nội','DELIVERING',25000000,1,NULL,NULL,'2024-04-10 09:19:30.347000',NULL,NULL,'2024-06-29 20:18:43',NULL),(85,NULL,'linh@gmail.com','VNPAY','1688124368','Duy Linh','Ha Noi','DELIVERING',1200000,1,NULL,_binary '','2024-07-03 17:19:10.081000',NULL,_binary '\0',NULL,NULL),(86,NULL,'linh@gmail.com','VNPAY','0388272617','Duy Linh','Ha Noi','DELIVERING',1500000,1,NULL,_binary '','2024-07-10 06:57:18.759000',NULL,_binary '\0',NULL,NULL),(87,NULL,'linh@gmail.com','VNPAY','1688124368','Nguyen Duy Linh','Ha Noi','PENDING',1800000,1,NULL,_binary '','2024-07-14 09:32:19.537000',NULL,_binary '\0',NULL,NULL),(88,NULL,'linh@gmail.com','VNPAY','1688124368','Nguyen Duy Linh','Ha Noi','DELIVERING',600000,1,NULL,_binary '','2024-07-14 09:32:54.703000',NULL,_binary '\0',NULL,NULL),(89,NULL,'linh@gmail.com','COD','1688124368','Nguyen Duy Linh','Hà Nội','DELIVERING',600000,1,NULL,_binary '','2024-07-14 09:33:30.701000',NULL,_binary '\0',NULL,NULL),(90,NULL,'linh@gmail.com','VNPAY','1688124368','Nguyen Duy Linh','Ha Noi','PENDING',750000,1,NULL,_binary '','2024-07-15 01:11:14.014000',NULL,_binary '\0',NULL,NULL),(91,NULL,'linh@gmail.com','VNPAY','1688124368','Nguyen Duy Linh','Ha noi','PENDING',750000,1,NULL,_binary '','2024-07-15 01:15:20.723000',NULL,_binary '\0',NULL,NULL),(92,NULL,'linh@gmail.com','VNPAY','1688124368','Nguyen Duy Linh','HN','PENDING',750000,1,NULL,_binary '','2024-07-15 01:22:35.255000',NULL,_binary '\0',NULL,NULL),(93,NULL,'trang@gmail.com','VNPAY','0388272617','Trang ngao','Ha Noi','PENDING',900000,1,NULL,_binary '','2024-07-15 01:27:01.525000',NULL,_binary '\0',NULL,NULL),(94,NULL,'linh@gmail.com','VNPAY','1688124368','Nguyen Duy Linh','HN','PENDING',900000,1,NULL,_binary '','2024-07-15 01:29:39.340000',NULL,_binary '\0',NULL,NULL),(95,NULL,'linh@gmail.com','VNPAY','1688124368','Nguyen Duy Linh','adsadada','PENDING',900000,1,NULL,_binary '','2024-07-15 01:33:40.698000',NULL,_binary '\0',NULL,NULL),(96,NULL,'linh@gmail.com','VNPAY','1688124368','Nguyen Duy Linh','HN','PENDING',900000,1,NULL,_binary '','2024-07-15 01:39:15.063000',NULL,_binary '\0',NULL,NULL),(97,NULL,'linh@gmail.com','VNPAY','1688124368','Nguyen Duy Linh','Ha Noi','DELIVERING',1050000,1,NULL,_binary '','2024-07-20 05:36:48.726000',NULL,_binary '\0',NULL,NULL);
/*!40000 ALTER TABLE `orders` ENABLE KEYS */;
UNLOCK TABLES;

--
-- Table structure for table `roles`
--

DROP TABLE IF EXISTS `roles`;
/*!40101 SET @saved_cs_client     = @@character_set_client */;
/*!50503 SET character_set_client = utf8mb4 */;
CREATE TABLE `roles` (
  `id` bigint NOT NULL AUTO_INCREMENT,
  `created_at` timestamp NULL DEFAULT CURRENT_TIMESTAMP,
  `name` varchar(255) DEFAULT NULL,
  `updated_at` timestamp NULL DEFAULT CURRENT_TIMESTAMP,
  `active_flag` bit(1) DEFAULT NULL,
  `create_date` datetime(6) DEFAULT NULL,
  `created_by` varchar(255) DEFAULT NULL,
  `delete_flag` bit(1) DEFAULT NULL,
  `updated_by` varchar(255) DEFAULT NULL,
  PRIMARY KEY (`id`)
) ENGINE=InnoDB AUTO_INCREMENT=3 DEFAULT CHARSET=utf8mb4 COLLATE=utf8mb4_0900_ai_ci;
/*!40101 SET character_set_client = @saved_cs_client */;

--
-- Dumping data for table `roles`
--

LOCK TABLES `roles` WRITE;
/*!40000 ALTER TABLE `roles` DISABLE KEYS */;
INSERT INTO `roles` VALUES (1,NULL,'ROLE_USER',NULL,NULL,NULL,NULL,NULL,NULL),(2,'2024-05-29 19:59:08','ROLE_ADMIN','2024-05-29 19:59:08',NULL,NULL,NULL,NULL,NULL);
/*!40000 ALTER TABLE `roles` ENABLE KEYS */;
UNLOCK TABLES;

--
-- Table structure for table `users`
--

DROP TABLE IF EXISTS `users`;
/*!40101 SET @saved_cs_client     = @@character_set_client */;
/*!50503 SET character_set_client = utf8mb4 */;
CREATE TABLE `users` (
  `id` bigint NOT NULL AUTO_INCREMENT,
  `address` varchar(255) DEFAULT NULL,
  `created_at` datetime(6) DEFAULT NULL,
  `email` varchar(255) NOT NULL,
  `full_name` varchar(255) DEFAULT NULL,
  `password` varchar(255) NOT NULL,
  `phone_number` varchar(255) DEFAULT NULL,
  `updated_at` datetime(6) DEFAULT NULL,
  `active_flag` bit(1) DEFAULT NULL,
  `create_date` datetime(6) DEFAULT NULL,
  `created_by` varchar(255) DEFAULT NULL,
  `delete_flag` bit(1) DEFAULT NULL,
  `updated_by` varchar(255) DEFAULT NULL,
  `status` smallint DEFAULT NULL,
  PRIMARY KEY (`id`),
  UNIQUE KEY `UK_6dotkott2kjsp8vw4d0m25fb7` (`email`)
) ENGINE=InnoDB AUTO_INCREMENT=11 DEFAULT CHARSET=utf8mb4 COLLATE=utf8mb4_0900_ai_ci;
/*!40101 SET character_set_client = @saved_cs_client */;

--
-- Dumping data for table `users`
--

LOCK TABLES `users` WRITE;
/*!40000 ALTER TABLE `users` DISABLE KEYS */;
INSERT INTO `users` VALUES (1,'Hà Nội','2024-05-30 02:43:54.097000','linh@gmail.com','Nguyen Duy Linh','$2a$10$uD4oIEVYq3LgFGyltVteHet/MvBZHs0CLpXIlOdJbZqtt4GWjdUQa','1688124368','2024-05-30 02:43:54.097000',NULL,NULL,NULL,NULL,NULL,NULL),(2,'Hà Nội','2024-05-30 02:43:54.097000','linh1@gmail.com','Nguyen Duy Linh','$2a$10$uD4oIEVYq3LgFGyltVteHet/MvBZHs0CLpXIlOdJbZqtt4GWjdUQa','1688124368','2024-05-30 02:43:54.097000',NULL,NULL,NULL,NULL,NULL,NULL),(3,'Hà Nội','2024-05-30 02:43:54.097000','linh2@gmail.com','Nguyen Duy Linh','$2a$10$uD4oIEVYq3LgFGyltVteHet/MvBZHs0CLpXIlOdJbZqtt4GWjdUQa','1688124368','2024-05-30 02:43:54.097000',NULL,NULL,NULL,NULL,NULL,NULL),(4,'Hà Nội','2024-05-30 02:43:54.097000','linh3@gmail.com','Nguyen Duy Linh','$2a$10$uD4oIEVYq3LgFGyltVteHet/MvBZHs0CLpXIlOdJbZqtt4GWjdUQa','1688124368','2024-05-30 02:43:54.097000',NULL,NULL,NULL,NULL,NULL,NULL),(5,'Hà Nội','2024-05-30 02:43:54.097000','linh4@gmail.com','Nguyen Duy Linh','$2a$10$uD4oIEVYq3LgFGyltVteHet/MvBZHs0CLpXIlOdJbZqtt4GWjdUQa','1688124368','2024-05-30 02:43:54.097000',NULL,NULL,NULL,NULL,NULL,NULL),(6,'Hà Nội','2024-05-30 02:43:54.097000','linh5@gmail.com','Nguyen Duy Linh','$2a$10$uD4oIEVYq3LgFGyltVteHet/MvBZHs0CLpXIlOdJbZqtt4GWjdUQa','1688124368','2024-05-30 02:43:54.097000',NULL,NULL,NULL,NULL,NULL,NULL),(7,'Hà Nội','2024-05-30 02:43:54.097000','linh6@gmail.com','Nguyen Duy Linh','$2a$10$uD4oIEVYq3LgFGyltVteHet/MvBZHs0CLpXIlOdJbZqtt4GWjdUQa','1688124368','2024-05-30 02:43:54.097000',NULL,NULL,NULL,NULL,NULL,NULL),(8,'Hà Nội','2024-05-30 02:43:54.097000','linh7@gmail.com','Nguyen Duy Linh','$2a$10$uD4oIEVYq3LgFGyltVteHet/MvBZHs0CLpXIlOdJbZqtt4GWjdUQa','1688124368','2024-05-30 02:43:54.097000',NULL,NULL,NULL,NULL,NULL,NULL),(9,'Hà Nội','2024-05-30 02:43:54.097000','linh8@gmail.com','Nguyen Duy Linh','$2a$10$uD4oIEVYq3LgFGyltVteHet/MvBZHs0CLpXIlOdJbZqtt4GWjdUQa','1688124368','2024-05-30 02:43:54.097000',NULL,NULL,NULL,NULL,NULL,NULL),(10,'Hà Nội','2024-05-30 02:43:54.097000','linh9@gmail.com','Nguyen Duy Linh','$2a$10$uD4oIEVYq3LgFGyltVteHet/MvBZHs0CLpXIlOdJbZqtt4GWjdUQa','1688124368','2024-05-30 02:43:54.097000',NULL,NULL,NULL,NULL,NULL,NULL);
/*!40000 ALTER TABLE `users` ENABLE KEYS */;
UNLOCK TABLES;

--
-- Table structure for table `users_roles`
--

DROP TABLE IF EXISTS `users_roles`;
/*!40101 SET @saved_cs_client     = @@character_set_client */;
/*!50503 SET character_set_client = utf8mb4 */;
CREATE TABLE `users_roles` (
  `user_id` bigint NOT NULL,
  `role_id` bigint NOT NULL,
  PRIMARY KEY (`user_id`,`role_id`),
  KEY `FKj6m8fwv7oqv74fcehir1a9ffy` (`role_id`),
  CONSTRAINT `FK2o0jvgh89lemvvo17cbqvdxaa` FOREIGN KEY (`user_id`) REFERENCES `users` (`id`),
  CONSTRAINT `FKj6m8fwv7oqv74fcehir1a9ffy` FOREIGN KEY (`role_id`) REFERENCES `roles` (`id`)
) ENGINE=InnoDB DEFAULT CHARSET=utf8mb4 COLLATE=utf8mb4_0900_ai_ci;
/*!40101 SET character_set_client = @saved_cs_client */;

--
-- Dumping data for table `users_roles`
--

LOCK TABLES `users_roles` WRITE;
/*!40000 ALTER TABLE `users_roles` DISABLE KEYS */;
INSERT INTO `users_roles` VALUES (1,1),(2,1),(3,1),(4,1),(5,1),(6,1),(7,1),(8,1),(9,1),(1,2),(2,2),(10,2);
/*!40000 ALTER TABLE `users_roles` ENABLE KEYS */;
UNLOCK TABLES;
/*!40103 SET TIME_ZONE=@OLD_TIME_ZONE */;

/*!40101 SET SQL_MODE=@OLD_SQL_MODE */;
/*!40014 SET FOREIGN_KEY_CHECKS=@OLD_FOREIGN_KEY_CHECKS */;
/*!40014 SET UNIQUE_CHECKS=@OLD_UNIQUE_CHECKS */;
/*!40101 SET CHARACTER_SET_CLIENT=@OLD_CHARACTER_SET_CLIENT */;
/*!40101 SET CHARACTER_SET_RESULTS=@OLD_CHARACTER_SET_RESULTS */;
/*!40101 SET COLLATION_CONNECTION=@OLD_COLLATION_CONNECTION */;
/*!40111 SET SQL_NOTES=@OLD_SQL_NOTES */;

-- Dump completed on 2024-07-20  5:49:38
